Date,Close,High,Low,Open,Volume
2021-05-10,538.5149536132812,546.1065696032821,533.3722460071517,546.1065696032821,19973390
2021-05-11,531.3836059570312,534.6553732626977,527.9845504435955,530.0661221869955,16172480
2021-05-12,524.8893432617188,532.8825552843465,522.0485851364382,530.2475270220345,15393360
2021-05-14,522.1414794921875,529.4539455838008,515.9359844626249,529.4539455838008,15257620
2021-05-17,531.9126586914062,537.7802330893021,520.6427785318936,524.0663473638919,24115830
2021-05-18,557.2491455078125,558.8409360794674,538.8578182186459,538.8578182186459,31478830
2021-05-19,551.6116943359375,560.5942732781933,548.0656798853868,555.8972838792772,22509060
2021-05-20,547.4534912109375,554.236955749258,543.1679013669691,551.2982655705367,14888270
2021-05-21,551.6655883789062,557.8613386453907,547.213489607387,554.4328668538914,18569660
2021-05-24,548.8394775390625,557.1755704494911,547.5758624569993,551.8859647170389,12150600
2021-05-25,550.38232421875,554.3152852189675,546.7922462463555,552.473701431173,13155460
2021-05-26,565.3206787109375,567.6373364083898,547.1938545997629,552.4737152703012,29167460
2021-05-27,556.6074829101562,566.3982740356734,553.5512499046165,566.1827389993853,21525900
2021-05-28,549.6084594726562,563.2488656974216,547.7815835873546,560.7020251763429,15263750
2021-05-31,551.2933959960938,554.8932797231193,544.6372790831371,550.5146597926673,17958110
2021-06-01,566.6577758789062,569.9099333083112,551.0435340107047,552.8655672428237,28534510
2021-06-02,568.9940185546875,572.5547406653349,562.5191195833179,563.8856294993793,20131950
2021-06-03,578.08935546875,579.4117421231401,566.2023442278673,572.0650167369633,22303780
2021-06-04,587.096435546875,588.7176417777057,577.9424436752852,579.4117888710697,24453670
2021-06-07,561.2653198242188,572.4421717914772,556.6320040361419,568.1467766810381,28358050
2021-06-08,563.77783203125,569.8119753534322,560.324907321205,563.3468217939512,17890070
2021-06-09,555.8532104492188,567.6569363396181,551.2296405510677,567.6569363396181,15381120
2021-06-10,596.2015380859375,599.003075323823,556.0982063342332,559.8205356460586,52961200
2021-06-11,599.4927368164062,610.2679330663743,592.1656224985236,598.0576502819381,37027210
2021-06-14,606.7562255859375,612.1291761293168,585.3478871862036,594.5655522259224,26336010
2021-06-15,603.5236206054688,611.2278762355272,602.4314171144714,609.190427660631,15236610
2021-06-16,595.731201171875,603.4991908969264,593.8896771387999,601.4518772556619,14816580
2021-06-17,592.660400390625,599.003049815742,579.9015625362539,579.9015625362539,18718570
2021-06-18,596.26513671875,602.2355467491625,584.3144516703923,596.5442859720246,27096150
2021-06-21,599.1009521484375,600.9621465254968,586.4744253480275,587.7380406117328,12719620
2021-06-22,589.3837280273438,606.2518416861044,587.7380686097733,602.4315203250177,15406110
2021-06-23,589.26611328125,599.0029751544218,587.8359292985649,592.7337459392389,12382150
2021-06-24,592.0089111328125,598.3173017037266,588.8155249417871,590.3828622255011,10824210
2021-06-25,595.1631469726562,598.2193799958862,590.6963402627197,593.3215629986836,9619940
2021-06-28,591.3672485351562,599.2674285372946,589.2072948284939,597.5335824528366,8284810
2021-06-29,592.8709106445312,601.2217120938454,587.9437380981774,591.6562616601515,13100790
2021-06-30,589.2906494140625,599.9825620367906,587.7380199544072,592.6358367873605,12257940
2021-07-01,584.5201416015625,591.6562339444093,581.8606009320847,591.6562339444093,11206010
2021-07-02,587.5176391601562,590.6767070864177,584.3095452355691,587.7380170014106,8112980
2021-07-05,594.8594970703125,597.1369341910881,588.3306686131904,590.5788097088379,8631790
2021-07-06,607.5642700195312,621.3173756211712,592.9295934099612,593.1255180076544,34913930
2021-07-07,607.1920776367188,615.7534510990256,603.4501387495612,609.2883573954788,19479250
2021-07-08,600.24560546875,610.3612196283884,596.5760686560756,606.3483056255141,11305600
2021-07-09,602.0460205078125,605.4653006685446,594.6776029082972,596.831226019797,14475440
2021-07-12,603.3607177734375,608.2026713902306,598.8523202959744,605.8577178347747,9787400
2021-07-13,603.8268432617188,610.7635545940007,602.4238112782592,606.8389695042399,10021270
2021-07-14,601.8253173828125,606.5446284869724,600.46150971235,603.4049484854497,7765740
2021-07-15,601.4131469726562,606.0735913413147,598.6954127674904,601.8252714862396,8709900
2021-07-16,600.9962158203125,607.3295316620661,598.2244656738894,600.952081006487,9631210
2021-07-19,590.1986083984375,600.7557501047146,582.3102152464921,597.3217387258389,12905320
2021-07-20,582.9822998046875,591.4299534515529,575.7365261905202,590.6499590606265,14018370
2021-07-22,607.8740234375,612.6277078904516,580.9513694610494,581.8196934248165,34885910
2021-07-23,606.4366455078125,610.763473646676,602.4237314362393,607.2313714877837,9537390
2021-07-26,604.6264038085938,608.1438343111972,601.4425893457949,603.4048816438236,7335020
2021-07-27,611.3963623046875,620.7712069728116,605.857772893925,606.3483459893856,20685280
2021-07-28,614.3937377929688,616.5522713233405,604.0917031058577,613.9914343318219,11491530
2021-07-29,627.9434204101562,630.8770381131886,614.5949448553929,617.1360801050557,14846640
2021-07-30,611.0676879882812,629.5868232879578,609.5076391158815,629.5868232879578,14068850
2021-08-02,608.3596801757812,616.54737623143,605.367196287708,615.1786581400208,10124350
2021-08-03,621.251953125,622.2429203499254,608.8992963494693,609.7823518666768,10917100
2021-08-04,623.9255981445312,635.5325750893696,619.5938589943536,622.3410565268675,16320910
2021-08-05,613.044677734375,623.5674466270062,611.4503151818908,623.420310629731,8665670
2021-08-06,610.6948852539062,618.0731246041684,609.3899439052798,616.6504504901159,7297890
2021-08-09,607.6385498046875,615.1737452926474,602.0361835498089,610.7634979974587,8811790
2021-08-10,605.3770141601562,613.0642561551555,602.624906311127,610.7634971073564,7310090
2021-08-11,605.1513671875,608.305718608121,594.2802507896108,605.9656753968178,7919290
2021-08-12,608.2616577148438,613.6971866321181,603.5276148633968,606.4465011379876,7946020
2021-08-13,604.0475463867188,611.1412137081082,601.5406653388359,609.2917436808087,6679320
2021-08-16,625.691650390625,627.4429699388122,598.8769090437446,603.3067983327717,14233350
2021-08-17,628.9244995117188,631.5490534707247,618.6126439540718,628.9097679472969,16027760
2021-08-18,642.0718994140625,651.4811184223473,628.5271824438362,631.2695293648178,21537300
2021-08-20,653.55126953125,660.5763097362128,633.3936379708347,634.9929110397438,21647320
2021-08-23,662.489501953125,669.0926565360735,657.0736157033876,661.2925323453259,17383400
2021-08-24,684.8499145507812,691.610026694188,660.1102851102783,664.7265950583568,26229900
2021-08-25,681.401123046875,692.1005510657851,679.0512587429032,687.2929107484696,15096670
2021-08-26,680.1256103515625,686.1400410216191,672.5756835665356,676.9908412267098,12345880
2021-08-27,683.5253295898438,689.1914732153977,674.2437242630364,681.8966531415549,9359060
2021-08-30,703.040283203125,706.1309176234539,684.8400335435698,686.4049329559324,15043820
2021-08-31,738.2634887695312,745.5533980330919,699.5572582273353,702.5006969015036,29464380
2021-09-01,737.78271484375,752.980659832953,734.2260598844975,738.3125122310161,22277890
2021-09-02,735.70751953125,744.3367431947851,730.4682325298851,735.8596259317925,11833780
2021-09-03,738.1555786132812,741.2559743407999,732.1067737990886,735.8596700934479,8802470
2021-09-06,736.4827270507812,747.1428715059287,734.3977912635847,740.7654208627396,8970710
2021-09-07,731.6701049804688,742.3597115310639,726.7545531491426,738.6951450045036,8360130
2021-09-08,732.2490234375,737.233262794047,727.132319765293,731.6407175973226,8592560
2021-09-09,729.0553588867188,731.9350204121329,724.0858512924317,728.9915819922448,7004360
2021-09-13,730.517333984375,735.3691093435586,721.3387300414383,729.0554356633837,8025650
2021-09-14,727.7701416015625,738.8031263942129,726.8331301649935,733.8973951432553,7192580
2021-09-15,727.4364624023438,733.897331457587,724.0858698070846,730.4633198799112,6572830
2021-09-16,727.176513671875,730.4633294139292,719.2291937005938,730.4633294139292,5771290
2021-09-17,728.8739013671875,753.5153788529294,722.1236106507858,730.512398770458,34749690
2021-09-20,730.2131958007812,743.8069581132175,718.272662546316,722.1236496521567,10838060
2021-09-21,766.6528930664062,769.9152159880684,726.1462407776752,734.0101415326146,19931330
2021-09-22,764.6710205078125,774.6149471114524,762.4487099288308,770.1997890848513,15005410
2021-09-23,775.0122680664062,784.8188189146512,765.7502461380499,771.5340618940803,21091470
2021-09-24,764.6465454101562,779.9965377817683,757.999255607546,779.9965377817683,11293460
2021-09-27,764.84765625,771.180972223364,759.4121274443728,770.1017352745279,6507740
2021-09-28,740.1080932617188,767.7469673175125,728.5060264752129,766.7658210334006,15723010
2021-09-29,737.37060546875,749.1885547549151,731.5573261169797,738.7050098344002,9458790
2021-09-30,752.3527221679688,755.4825809702219,734.966840088081,740.2748147299121,14907070
2021-10-01,738.0918579101562,749.5172658696496,733.4068603667554,747.6334817384181,9377400
2021-10-04,754.9969482421875,762.2525439080473,741.761294940204,744.4937608913225,10901980
2021-10-05,757.85693359375,761.8600268708936,749.0167967204131,753.8146160268622,7732430
2021-10-06,758.9313354492188,773.2020905025101,754.0108727660659,766.2752005599186,17646310
2021-10-07,760.1822509765625,773.6337870827047,759.2109258095436,769.7975317482781,9405500
2021-10-08,758.641845703125,768.1393937386381,756.6599710752273,760.3883147059353,7565710
2021-10-11,766.9718017578125,775.5371887443208,760.584530545909,762.7332430750138,9086480
2021-10-12,770.7639770507812,777.5584028527695,760.388343483781,766.2752209817199,10994490
2021-10-13,777.9802856445312,785.8981430357779,771.3085031487009,775.8806183058591,10524380
2021-10-14,771.4654541015625,781.8754612013655,766.5057670534261,781.8754612013655,11348490
2021-10-18,771.7254028320312,789.8226507550254,765.3725054645042,789.8226507550254,8550980
2021-10-19,759.3384399414062,776.5477220185119,752.637194905219,774.1243197493642,12449890
2021-10-20,761.501953125,768.5858002943156,743.2182832035618,759.5052869741248,11028990
2021-10-21,759.1422729492188,768.2375178988501,754.0108971970196,768.2375178988501,6394610
2021-10-22,756.4833374023438,778.5394840897907,752.0485375612157,760.9769437337493,15173760
2021-10-25,750.2481079101562,768.9978565657019,721.1914739232874,760.3882750460938,11697290
2021-10-26,770.7540893554688,774.6099865970485,750.6847277866162,754.9919738223966,16605750
2021-10-27,734.1083984375,777.0629519156985,732.0332237292156,772.1621309831219,31122330
2021-10-28,734.3143310546875,745.2786278373707,721.4760713834926,739.784233083881,15723020
2021-10-29,726.06787109375,740.7359597046425,717.5171551286829,733.897399048933,9483340
2021-11-01,727.4169311523438,735.8793174186499,708.3875807852727,728.9916516945397,10373140
2021-11-02,731.4788208007812,741.25596923252,726.0727554313238,732.5924313420212,6871160
2021-11-03,737.4540405273438,739.6665300829585,731.0520373759185,734.4860492060808,6687040
2021-11-04,738.3223876953125,742.6296341839821,737.3314203831513,741.8446692620696,940330
2021-11-08,752.8972778320312,756.7728174721298,734.4860541938879,740.1669292718165,9003010
2021-11-09,743.4635620117188,760.8200413612192,740.7654098566119,755.482603429922,8002470
2021-11-10,743.8511962890625,746.6523498709652,736.3503135061227,740.2748987879675,4649890
2021-11-11,731.2188720703125,745.7643170638117,727.0293584933104,742.7473403055303,6344000
2021-11-12,743.6204833984375,745.6956578956615,731.248244300077,735.8596433754453,4971280
2021-11-15,739.2200927734375,748.3643829024918,734.8785326449082,743.6107581214236,4025180
2021-11-16,741.3246459960938,750.5768475318273,735.9332523852946,738.3125199577778,5980490
2021-11-17,746.4216918945312,754.697657570636,737.9445744828421,738.6068361809154,6455740
2021-11-18,734.383056640625,755.2569670357866,729.9728090434076,747.6334415202642,7725390
2021-11-22,692.5224609375,737.2823472012915,685.8261259345921,735.0747681817228,19352430
2021-11-23,698.0169067382812,704.2668038938873,679.3554849034062,686.8024116878512,11875890
2021-11-24,704.197998046875,718.1793305050986,693.2778367466467,702.5006343921502,10993800
2021-11-25,699.1452026367188,706.915864069542,695.3187083569695,701.5195597636676,6154860
2021-11-26,667.87109375,691.5019599848688,664.7265036330759,688.8626744975767,16890820
2021-11-29,677.5549926757812,684.8399906278568,655.2388290040258,663.9415902832862,14918150
2021-11-30,686.5325317382812,706.4056537044139,672.0115793016555,677.972054711786,21955390
2021-12-01,690.5994262695312,697.3693595450703,681.9947542439174,689.9616572347281,11367680
2021-12-02,704.5120239257812,707.406417221392,689.0001047451934,695.6326627045311,8477040
2021-12-03,693.5968627929688,709.7416425472569,692.1987412386478,702.5007777843683,8164110
2021-12-06,682.0682983398438,696.2115591540402,680.7290433569128,693.5967662022115,8582530
2021-12-07,696.9229125976562,703.4818729930165,682.68156016892,691.5118765663219,10796080
2021-12-08,722.2708740234375,724.7090082111489,698.5761668812135,698.5761668812135,14026910
2021-12-09,730.0022583007812,732.7298136804707,719.8670009765601,726.0482102490954,10769500
2021-12-10,731.19921875,732.6218927425653,722.1236162361623,723.4972448947245,6791450
2021-12-13,708.2649536132812,733.6030676536282,706.3272137112741,732.9162532974838,12985990
2021-12-14,693.2681274414062,704.4629793575427,690.2363593008794,704.4629793575427,12764810
2021-12-15,671.8153076171875,693.9156497185818,670.2209450427192,693.9156497185818,18175280
2021-12-16,689.6329345703125,693.0276619889871,680.218805938984,681.4060143618464,17683180
2021-12-17,677.0987548828125,689.2551700477998,673.556831655252,686.8023046739642,16805110
2021-12-20,650.9071044921875,673.5421552000747,637.0190107490969,672.0851674210635,22263190
2021-12-21,645.353759765625,662.2736195210055,641.6695513581298,659.8354858273226,13755910
2021-12-22,664.3536987304688,666.2718562861236,649.8916135726331,650.9904925069862,12678980
2021-12-23,678.7324829101562,686.1646179762707,670.9323581094455,671.1040467293134,13393990
2021-12-24,672.2813720703125,685.6200255944327,663.0193497693873,685.3207831967492,9807740
2021-12-27,676.0833129882812,677.8542746492667,652.8595997774089,662.3717592524117,9123600
2021-12-28,677.643310546875,684.840039396051,673.237973743154,684.840039396051,8624640
2021-12-29,678.1338500976562,681.8916565803985,672.384348091185,675.5092961508005,5323790
2021-12-30,674.1553955078125,681.4011702535057,672.7621845796946,676.9811015406589,6589920
2021-12-31,684.5751953125,686.7043259207347,674.5920435909784,675.2249021235717,7699070
2022-01-03,708.3483276367188,710.7374162232536,684.3494701778985,684.3494701778985,12697250
2022-01-04,720.4556884765625,723.5953684930084,709.9083661561559,711.3310402134659,9591730
2022-01-05,752.6176147460938,754.6142208367072,727.5198791534488,732.9063620015487,25832620
2022-01-06,760.2166137695312,763.2679640687469,737.9200305207959,738.3125129532067,15359860
2022-01-07,751.4942016601562,763.8223058839617,744.1993821618304,761.7570123252189,11659510
2022-01-10,758.5535278320312,761.2713218308709,752.5145445335345,754.1089070274774,6390600
2022-01-11,752.5244140625,761.3645510261545,742.8257741621774,759.3090784537357,10379120
2022-01-12,762.7921142578125,772.0639576920936,754.6780161368445,758.0335193252206,14584040
2022-01-13,766.1133422851562,770.1556599842944,762.7431073618976,768.0412611024661,6163740
2022-01-14,768.4533081054688,769.8171157136276,758.2788266686812,762.8411805123269,5696350
2022-01-17,770.454833984375,776.0866032940299,765.446102060387,767.2072426289255,6797740
2022-01-18,759.7996826171875,779.5206983575522,757.0573357220459,775.1006296950549,11300240
2022-01-19,742.9042358398438,789.3320789170277,733.2105070718378,770.1997289619227,50003170
2022-01-20,738.82763671875,750.5768384385829,726.1462742532881,746.6522536624334,29103830
2022-01-21,723.4727783203125,735.7616601123065,716.8108162682003,726.2935740316818,13704500
2022-01-24,680.1060180664062,721.1424706341361,668.9160765837399,721.1424706341361,25025820
2022-01-25,683.2456665039062,686.4098389593688,662.4894904610371,676.9908596484586,25259340
2022-01-27,670.8096923828125,677.2214566749645,658.162703050143,669.4949300796791,17610280
2022-01-28,673.7776489257812,691.276414225562,671.5946224268089,682.9808057375184,14675220
2022-01-31,686.8269653320312,694.2493395163107,679.944209638006,684.8302990683478,12512490
2022-02-01,688.23486328125,698.164058442362,675.6172771188002,694.2492945250598,13834490
2022-02-02,711.080810546875,714.2744462753012,696.1232412531954,696.613814361901,13398210
2022-02-03,697.65869140625,714.9661239106786,696.6137683583361,711.6252925165002,8398560
2022-02-04,702.34375,705.287188716686,692.1986715406798,695.6326833768136,8232080
2022-02-07,679.9932250976562,702.9912958456094,675.1267180858206,702.9912958456094,11830120
2022-02-08,692.1986694335938,701.2252267808366,678.4331589992759,686.8023651360958,16405420
2022-02-09,698.3161010742188,702.2946418703233,693.6703880245597,699.4149800664749,6491660
2022-02-10,700.2440795898438,710.349873829037,693.1798147240535,700.0478383660469,12442000
2022-02-11,687.9404296875,694.6465853907483,679.0561582076874,690.7269111897356,12764610
2022-02-14,665.8009033203125,679.9343436378517,661.6899580678743,668.1605887696638,11697660
2022-02-15,700.739501953125,705.9346540432516,665.8008420831146,667.1793811666589,13468200
2022-02-16,693.532958984375,708.8731887487045,691.7080415024565,704.9535146376099,10540410
2022-02-17,694.891845703125,699.3609592012219,685.0362494580152,698.5760542632012,9036160
2022-02-18,689.7555541992188,698.1835659666718,687.7834408856448,688.7645870210024,7625170
2022-02-21,687.4253540039062,694.7398154434014,678.0700917702882,686.8023166066218,8166640
2022-02-22,687.9158935546875,690.3491167661894,666.100123976431,667.1793607532986,12587320
2022-02-23,691.17333984375,698.316052799639,689.4955583397874,692.689193904135,7952280
2022-02-24,650.2840576171875,677.0104684866488,646.8156725292703,667.1793651489438,19300400
2022-02-25,683.800048828125,685.8162971237002,663.1567539217605,667.1794294692068,14132810
2022-02-28,687.0279541015625,689.255175040148,667.8269166299733,673.066263455575,15808910
2022-03-02,670.2750244140625,680.5574183997734,663.4511351798819,678.7569933940636,16080090
2022-03-03,662.1117553710938,681.3372846134349,659.8207576504566,678.9531067570497,13339990
2022-03-04,641.4635620117188,657.1717224871776,637.7450394171977,656.2298604472932,19965090
2022-03-07,600.9520263671875,624.990107421875,598.4991609534438,623.02781509088,28435880
2022-03-08,604.5675659179688,610.012915324663,580.1419122244822,601.2463764655789,28857830
2022-03-09,635.046875,640.1978925260719,600.6429812614408,610.2238882321932,22801310
2022-03-10,646.074951171875,666.5907517337566,637.8431201877909,666.5907517337566,20915610
2022-03-11,650.3037719726562,655.8963179998001,636.7688751923396,642.6508426176052,12647710
2022-03-14,653.97802734375,656.2886671903107,637.7449814677173,647.6545333798374,12668460
2022-03-15,654.0860595703125,662.2736960007969,648.0470758644835,655.1309228016332,14792700
2022-03-16,671.1629638671875,676.9321091450678,661.6213396513456,665.217219433995,16335960
2022-03-17,686.2528686523438,692.3850321175531,679.9441060654653,681.6709328787738,16706780
2022-03-21,674.086669921875,688.6419954918343,672.0851532137582,686.8023463498258,9620190
2022-03-22,685.4091186523438,687.7834756522959,663.9416353348117,674.047429062949,12737960
2022-03-23,687.2732543945312,697.0062675799606,683.8588848641034,691.7080542743083,11767500
2022-03-24,686.5619506835938,690.2902941945507,675.1512158076915,683.7607974998208,7837160
2022-03-25,684.2022705078125,693.4201581105839,680.915454730529,692.5911183259263,7023730
2022-03-28,686.939697265625,690.2363340410252,674.0474221552016,685.8211762539825,9369730
2022-03-29,690.6631469726562,692.6892162683076,685.2815744451535,690.726923870947,7159500
2022-03-30,711.5123901367188,713.7297897733436,696.5155992325298,696.613689882978,12722540
2022-03-31,712.3072509765625,730.4633667157026,710.4136459427307,715.0544484379659,16330110
2022-04-01,726.843017578125,730.855932456976,708.4171204569277,709.3638931395415,8715130
2022-04-04,734.9422607421875,744.7782750838709,728.9916068053916,730.8558084885368,10497590
2022-04-05,724.9150390625,733.8925520301129,719.1802674479044,729.4823040211689,10720820
2022-04-06,720.84326171875,728.5011011242358,716.236772822481,721.1425041431829,7670310
2022-04-07,715.2752075195312,721.7311062690776,713.29327307233,717.2178577934982,7182660
2022-04-08,722.7711791992188,728.5010997198958,712.312186392787,719.0134321315841,8819730
2022-04-11,719.8325805664062,724.4783531761578,715.7461283420049,720.6567696952686,5975080
2022-04-12,713.73486328125,716.2318637609428,708.3876041538977,716.2318637609428,8055980
2022-04-13,719.028076171875,724.0859137038503,714.4756032022053,717.5122220226103,6723170
2022-04-18,712.454345703125,723.595240376695,709.5255791163679,712.8516787291362,7582220
2022-04-19,712.26806640625,730.2966293503849,701.6176827864202,716.2367863520296,11911100
2022-04-20,689.9910278320312,715.7166510601506,682.8777182667526,713.7789113737174,15581810
2022-04-21,700.3519287109375,705.1497477414517,691.4431049296086,696.515673625766,8753430
2022-04-22,697.6685791015625,707.1121117226996,693.8077710175444,694.6515424171475,8079870
2022-04-25,687.3419799804688,694.1560477392111,681.8966303766459,686.8023615304347,6849530
2022-04-26,710.40380859375,712.6015665124297,696.3194739776702,699.6553351455192,10124190
2022-04-27,658.7512817382812,696.6137363787673,656.2739237472961,696.6137363787673,39843570
2022-04-28,660.0808715820312,667.6700234572988,645.5942328213117,662.0774778526325,24990940
2022-04-29,654.6011352539062,669.4949278552998,652.5603343256612,667.1794371222525,13375170
2022-05-02,650.1222534179688,652.4475653847725,640.247013400308,642.6508338396453,12387410
2022-05-04,622.0220947265625,654.2086462667639,617.1409166764064,650.4900641025816,16491150
2022-05-05,619.04931640625,637.49485358712,617.1409797992784,627.9335883490273,14860280
2022-05-06,588.7171630859375,608.8061068931866,586.234834539938,608.4087139511994,30648650
2022-05-09,592.31298828125,601.9576709880827,572.2583600672332,584.8611526847759,19356480
2022-05-10,581.6676025390625,599.7795833338365,578.8762702853404,588.6877324935665,11779330
2022-05-11,569.7515869140625,588.3540797759327,562.8835637961698,584.4687793095468,18613390
2022-05-12,548.7943115234375,565.6062004282822,540.2092827479609,564.1590338170366,24940440
2022-05-13,541.1757202148438,564.0609670095665,539.630402993027,559.253326738228,21053150
2022-05-16,553.8963012695312,560.4258585300463,538.4530683503976,546.9890529928191,14149550
2022-05-17,572.7244873046875,573.8724715459028,554.5438782430408,555.3287832743193,14017700
2022-05-18,570.5562133789062,584.4393975406944,568.0837055492534,577.8902579898727,16550940
2022-05-19,559.9401245117188,563.6684679363304,550.5210854615106,554.4456700946618,10650250
2022-05-20,566.0821533203125,573.1807319584829,560.4307414250434,572.9894012565227,10986100
2022-05-23,568.4761352539062,579.4894774536522,566.2390931615039,571.5176645363003,9680210
2022-05-24,568.947021484375,572.3025244744359,561.7061582691226,567.396793834531,10840690
2022-05-25,571.7531127929688,576.6883068007996,569.2413809787857,572.891275891945,8675980
2022-05-26,570.811279296875,576.4675417695853,554.6812329689453,573.970541395594,12595460
2022-05-27,588.0499267578125,596.2425331204954,575.0546506656507,578.8762341200132,16258050
2022-05-30,599.59814453125,601.1483725109715,592.720299129041,597.3218778438317,8174840
2022-05-31,596.747802734375,605.288636434902,590.3016656585676,599.4802682791111,15489660
2022-06-01,589.68359375,601.442616504672,586.4555844479567,594.5745931514375,8876200
2022-06-02,594.3635864257812,596.5368514690059,583.7034432256899,589.3744966437102,7508090
2022-06-03,591.4545288085938,605.1709328105113,590.0613180444543,600.952016346106,10434650
2022-06-06,590.748046875,593.5933945381187,579.9554397015796,589.4922109983476,7376570
2022-06-07,576.7765502929688,587.7016220449691,572.3663032241456,586.7253864352149,8969820
2022-06-08,584.203857421875,593.9859158867968,569.2855131239434,578.8762408993878,13341460
2022-06-09,578.7340087890625,581.9766899964898,574.4611359841658,579.3668672906063,12376740
2022-06-10,556.0646362304688,572.4988358896842,554.5830958140123,571.5176896413728,21518910
2022-06-13,525.7227172851562,544.9286676867293,522.4603939283447,542.0882300440494,19327850
2022-06-14,527.4396362304688,535.8038709537091,518.457214777882,524.6188411419154,18845410
2022-06-15,538.15380859375,539.6206174494472,529.4412250869567,531.585027251777,16599430
2022-06-16,518.4278564453125,550.9086823244636,515.5775979817952,546.0078618324616,21796860
2022-06-17,531.7371826171875,537.1776223166656,512.1583905923278,512.1583905923278,19379390
2022-06-20,536.7310180664062,540.6114674177725,525.1093719804953,532.5660579221521,11194560
2022-06-21,544.4526977539062,545.9097453081333,535.2152282509143,542.0832513448764,10023590
2022-06-22,533.704345703125,542.7210823048589,530.3095580561611,542.7210823048589,8983460
2022-06-23,534.5431518554688,539.1398192566664,524.2263855278258,534.2929547919035,11018570
2022-06-24,548.239990234375,551.0754572318209,535.2152505142016,540.6115545982128,13049330
2022-06-27,553.4841918945312,561.7062018760639,548.2399941778655,559.2533363656881,10490080
2022-06-28,547.1116333007812,551.3060571332466,542.0832591771918,550.1286697518168,7395000
2022-06-29,540.8863525390625,544.9286704410125,535.7058714116605,538.1587371232523,7559820
2022-06-30,531.7973022460938,545.0614938977994,529.4832374276629,542.8557337077725,11982750
2022-07-01,552.8604736328125,554.785615534977,525.3523589384246,528.203138829888,12218900
2022-07-04,554.4262084960938,556.2626992882776,545.6326174565455,552.712747441166,7898180
2022-07-05,557.4591064453125,566.7056297550464,554.0470896993874,557.3508018094809,12284530
2022-07-06,582.6284790039062,584.8096573043618,555.9623406778878,559.3202048995447,22229520
2022-07-07,577.1140747070312,589.541219440329,572.7123510250307,584.4305271693245,13352470
2022-07-08,578.3450317382812,583.7412713327121,571.2353310082624,583.7412713327121,8032820
2022-07-11,577.1928100585938,581.3729355526151,572.4956832777345,576.0603596695448,7613370
2022-07-12,578.37939453125,586.8480108523121,569.5612824300628,576.0406877735147,9754460
2022-07-13,578.90625,588.763293105838,577.6950052150438,583.9332193749682,8869340
2022-07-14,574.1746826171875,583.6378142039357,570.6148742923128,583.445786859257,6929200
2022-07-15,582.4807739257812,583.765824505065,572.4021332312084,576.5527486352939,5698590
2022-07-18,596.7197875976562,597.5371209048901,584.0711054023504,587.8671765608831,9664320
2022-07-19,597.3253784179688,600.4962037124106,591.0330719458227,594.770062379936,9785600
2022-07-20,598.157470703125,605.5625738316179,594.9719204465152,605.5034931195269,8270920
2022-07-21,617.1134033203125,618.7135713084547,594.37622066218,598.6105594204656,13254930
2022-07-22,616.2615356445312,622.8345203406792,612.2685088963808,617.5170158098325,9532950
2022-07-25,613.1843872070312,623.7208900168222,609.0485563720476,614.4645095815,7240230
2022-07-26,616.8721313476562,628.6148901694792,611.7565103386457,620.3727992166549,15304060
2022-07-27,629.8604736328125,633.1149613020903,610.0331555624259,618.3048156110328,14449890
2022-07-28,696.845947265625,700.1300054770292,642.2334914514631,642.2334914514631,64857820
2022-07-29,709.8934936523438,714.9057380126927,701.6120362727872,706.5356295097893,26067620
2022-08-01,715.0042724609375,719.8294184587601,708.2097490321758,714.0244820962666,12270770
2022-08-02,722.9705810546875,724.359007892677,707.2445931130192,709.1402245778991,12491240
2022-08-03,718.4852294921875,726.3679073973515,710.7699369352849,721.4048867445554,12186210
2022-08-04,720.4841918945312,727.2147659009948,709.489829155947,722.680155483174,9494810
2022-08-05,719.3074951171875,725.5358533929506,716.4862854416688,722.7786528419405,7580780
2022-08-08,723.0001220703125,728.4948691462439,715.2996748648775,718.8446380801798,9574820
2022-08-10,704.0147705078125,725.6392142046711,699.6426171954135,725.6392142046711,19065230
2022-08-11,720.710693359375,721.3064289245398,710.7059179711133,713.3302317036953,10270510
2022-08-12,719.770263671875,723.0789039629386,716.0923538812965,719.0415814758921,10369410
2022-08-16,717.4757690429688,727.1162021231422,716.0971991329941,722.6849686434974,8044640
2022-08-17,741.2076416015625,752.1281384345573,718.4507465429435,718.8446580678004,23444140
2022-08-18,737.3820190429688,747.28335871494,733.8517807397378,737.5543328011682,8353540
2022-08-19,719.011962890625,742.3498057167469,715.9888695781918,739.5236681446833,11004270
2022-08-22,699.3668823242188,716.8554959540722,698.0523213326999,715.0042200003065,10608620
2022-08-23,709.7556762695312,713.9210169008703,694.2266440208464,697.6731592748505,10886030
2022-08-24,706.7227172851562,712.5818051650606,703.08910312959,705.5508997091754,9530960
2022-08-25,693.9461059570312,712.837932924291,691.7747842670517,710.257974586647,13542960
2022-08-26,695.418212890625,703.2368817516622,691.83382240769,701.1197125113813,7591390
2022-08-29,685.7925415039062,690.8293678622837,675.6499512682612,677.584889788876,9967350
2022-08-30,719.4600219726562,722.2910879273819,689.3030150636228,689.3030150636228,17313810
2022-09-01,707.156005859375,722.177893608036,703.2860687939886,711.8137058208464,14625790
2022-09-02,708.0471801757812,720.124769390479,706.3830031776934,710.6813507659866,9063700
2022-09-05,708.6232299804688,714.3149326256492,704.861597525834,708.0816467435551,7070250
2022-09-06,701.0556640625,714.4133748467445,699.6425952151785,711.8284884112204,7919050
2022-09-07,705.6986694335938,709.7802875120169,696.1961100852236,696.9838730124944,7919940
2022-09-08,714.6743774414062,716.8210569822292,706.5356630101555,710.9668971335641,7722510
2022-09-09,707.1165771484375,721.207897337002,705.5508481930632,718.8445487521789,6496070
2022-09-12,717.5546875,720.8042472601229,707.8010197153661,710.6567280484063,8347160
2022-09-13,729.0315551757812,733.0246424934386,720.0657104227956,721.7988249941549,13827000
2022-09-14,736.9091796875,744.4472290904963,716.102131872387,716.102131872387,14933880
2022-09-15,727.3426513671875,741.7736701461655,725.7079849528362,737.5492492966358,7174200
2022-09-16,716.294189453125,736.5843587491073,708.441082011467,727.2147460728141,11870360
2022-09-19,738.1549072265625,740.946606139471,708.1062042383404,716.3827930540051,16481170
2022-09-20,751.8720092773438,759.7103908771328,744.9396120525612,745.4270429455759,16134500
2022-09-21,757.3126220703125,761.6798467123283,747.0124437474419,752.3250198942712,12392620
2022-09-22,760.1585083007812,765.9141600063678,748.3861799182476,755.2792105227578,12810390
2022-09-23,739.2431030273438,761.335263991665,736.0772060572135,759.6907405384765,14123310
2022-09-26,714.8565673828125,734.600165714293,702.0060000969086,732.3353246769528,18752050
2022-09-27,713.2169189453125,726.7174332353683,709.9870730357596,721.306409077177,11428290
2022-09-28,709.2435913085938,718.598418267888,705.0683939452595,706.9295265754347,8690690
2022-09-29,699.617919921875,720.5087513652612,697.9734566964883,720.0754727792514,9696320
2022-09-30,722.3649291992188,724.9498154175252,691.9420300751665,697.2791878381835,16186650
2022-10-03,706.220458984375,728.494788297834,703.5420533149444,722.4880290434082,8201980
2022-10-04,737.4262084960938,739.0313046121084,719.4698793635848,722.2910885182965,11914950
2022-10-06,729.1004638671875,748.2877531314865,723.4629734338413,743.4626075316881,15100600
2022-10-07,723.2906494140625,729.4549979139831,716.1120118333273,727.259034406889,9911960
2022-10-10,718.1947021484375,722.5865087121217,711.0652888794591,715.3980748327107,6531130
2022-10-11,709.273193359375,724.0144030184387,706.2993237394878,719.5339450848548,7322060
2022-10-12,711.5773315429688,714.7579533060247,703.5814215257083,709.4897329730901,7407310
2022-10-13,704.236328125,711.5577092624335,700.5977853127102,711.0161259974053,6086550
2022-10-14,716.1366577148438,723.2758681217638,711.0653324882551,718.8446340760893,8390120
2022-10-17,724.2803344726562,725.964165023641,710.6715145066424,714.4085052322487,6174010
2022-10-18,727.7463989257812,731.6459061458912,720.9124495652195,728.6917504010222,9069750
2022-10-19,726.76171875,732.6306634435014,723.7681957405557,730.365822606573,6271770
2022-10-20,731.8822631835938,733.5169297628352,715.0041714814201,725.7327001622386,10260540
2022-10-21,708.2835083007812,737.5542451921583,704.3741441324008,737.5542451921583,23869600
2022-10-24,709.6375732421875,719.8293880053832,708.0127633048844,719.8293880053832,2278840
2022-10-25,699.4358520507812,713.1874756970758,698.1655865133345,713.1874756970758,9098990
2022-10-27,686.4572143554688,709.9821576945134,682.5084828911491,707.6188088567663,16414580
2022-10-28,689.9775390625,698.1654764977387,687.3335720668853,689.3030092361313,8396690
2022-10-31,703.4927978515625,704.0344411706632,693.8327106623598,698.5594080866111,8189860
2022-11-01,709.9329223632812,712.5423907229299,705.0585530278627,708.697095649987,7627420
2022-11-02,704.6843872070312,712.936334673465,703.0940761321297,709.6867750027657,5859140
2022-11-03,701.2772216796875,708.5050831635746,698.3723496847497,699.6426151323416,6323130
2022-11-04,710.1791381835938,711.449403669213,701.2772426734904,701.2772426734904,9219250
2022-11-07,708.0176391601562,713.985031786931,700.2334093672391,713.7339237224849,7224940
2022-11-09,703.4830322265625,712.4439479595002,700.5928853739074,712.4439479595002,6896340
2022-11-10,686.85107421875,705.5508706507278,685.812203317246,704.8615556163426,10081820
2022-11-11,694.3694458007812,704.8468064700963,688.8106898358674,703.9753809582971,12333420
2022-11-14,691.8436889648438,699.8396000918366,689.4064740930726,694.7091939694412,8550600
2022-11-15,691.8386840820312,695.4476561228415,687.4320322749442,692.7643219723592,7195210
2022-11-16,678.9684448242188,692.734792465384,674.7883189185437,690.3862288436708,13362040
2022-11-17,678.9684448242188,684.3794690555331,672.7598008819882,676.5017197714407,7339440
2022-11-18,668.771728515625,682.2131026964798,664.685121873493,680.4307642552582,13276890
2022-11-21,657.703369140625,664.3896468540382,650.9334288123596,664.3896468540382,10717480
2022-11-22,658.2893676757812,662.4941356829894,655.8522129774923,657.8167219409515,9587690
2022-11-23,667.6441650390625,670.1010332329471,658.7767688946975,661.5831929723248,8936670
2022-11-24,666.7874755859375,673.5327743268097,663.4344797189164,670.9823866695864,7546110
2022-11-25,664.43896484375,667.4423449577866,657.2997540321647,666.654581992173,8590580
2022-11-28,667.3881225585938,672.8385738287511,662.5728340370748,662.6171896491579,6040540
2022-11-29,663.124267578125,670.4850753210754,661.8293601892585,667.146864776057,6818600
2022-11-30,661.824462890625,665.0986644751437,657.5951130493893,663.208021465356,14828310
2022-12-01,664.4635620117188,666.6545370029834,660.450821426549,665.1380918939528,9816160
2022-12-02,657.3735961914062,663.8924291575591,654.5425299374402,662.7353967090388,14386020
2022-12-05,655.866943359375,659.6630747807742,653.0654475341939,657.2554303703021,10292500
2022-12-06,659.6187133789062,663.2080322069331,653.0654418046611,657.2406393991919,8409800
2022-12-07,652.3958129882812,662.2183573870607,650.012750604315,662.2183573870607,9610270
2022-12-08,648.1369018554688,657.7920610482306,645.9754371970648,657.7920610482306,11377840
2022-12-09,641.7855224609375,651.6868623655222,639.0824742770077,650.1605603103147,11312920
2022-12-12,640.7072143554688,643.9075499714252,629.4321737803,640.8647428945579,11000480
2022-12-13,651.8936157226562,654.6409591724566,640.7564499796543,640.7564499796543,9586360
2022-12-14,655.3499755859375,658.6339738201455,652.5336345673294,655.6256655548304,6782830
2022-12-15,652.41552734375,661.1401809909034,650.3082749342321,653.0654753645289,8577060
2022-12-16,649.6090087890625,659.2986661559809,645.9753947892747,648.9295505581281,8802330
2022-12-19,658.4813842773438,660.2538658564669,649.6189162792704,649.9241766617723,6595590
2022-12-20,654.1337890625,659.6482494551601,648.4372182297383,655.8226079590064,6077160
2022-12-21,642.6962890625,659.1608157491514,640.5594664719038,659.1608157491514,6223900
2022-12-22,639.1463623046875,647.4524610549599,630.9092010667456,646.9601017689865,8497060
2022-12-23,627.71875,636.7190324638829,624.3165303562427,635.1435067207511,9943030
2022-12-26,633.5384521484375,637.1031289607438,620.3727682090858,627.7237195981054,5305350
2022-12-27,640.5299072265625,643.0212742439455,633.1740878083567,636.7190508841862,7810350
2022-12-28,637.713623046875,646.9601454868704,636.5270803612648,637.6053184212307,7559340
2022-12-29,641.1405029296875,642.0857943838265,630.4562693381356,634.1588211400672,5218800
2022-12-30,647.4722290039062,661.7210790867565,641.5442034704415,644.9907187615337,15202660
2023-01-02,645.3599853515625,650.8990277587379,638.5654026244448,646.4677938329976,5793400
2023-01-03,650.52978515625,655.8226481196783,643.0213051383632,646.4678205564096,7420810
2023-01-04,647.05859375,653.6562206528525,644.9907086487498,649.4219425249626,6712530
2023-01-05,600.683349609375,639.082451415914,593.2979591846919,639.082451415914,51023000
2023-01-06,588.901123046875,604.6123260226925,585.0804098556723,603.6325357687522,29319220
2023-01-09,590.1764526367188,598.5120634660005,586.4000344722061,592.8007065529271,14005480
2023-01-10,581.3926391601562,592.3082670145914,578.5222059369449,590.7327412181287,11203750
2023-01-11,580.5655517578125,585.8091909658572,577.5916819886103,583.9382013556052,11088910
2023-01-12,580.8264770507812,587.3748200353668,576.7497274005243,581.6290251575169,14769490
2023-01-13,588.6450805664062,589.3540490694942,578.2267415336179,582.9533785282215,11084900
2023-01-16,591.904541015625,597.9408108545704,588.3250792199182,590.8311712760601,9083390
2023-01-17,589.34912109375,592.7956360030755,584.9228160398264,592.7956360030755,8170050
2023-01-18,590.6981811523438,595.6562726902733,589.3540499530534,591.2201108310522,7962810
2023-01-19,592.0571899414062,593.7509373585941,586.9563542879763,589.1571861577673,5481420
2023-01-20,577.08447265625,592.7759613049145,574.7999182684042,592.0620643535365,8330900
2023-01-23,577.340576171875,584.4305630089885,575.1741829574152,579.113057855538,8560640
2023-01-24,576.5577392578125,583.0519303703655,575.3366976607794,580.2307208525108,6081450
2023-01-25,570.7330932617188,576.5576822810236,568.8719606392941,576.065322969427,8278370
2023-01-27,567.2669067382812,577.1978164299509,559.3202196447655,572.6139220482943,16213520
2023-01-30,592.9778442382812,597.3499972625272,568.1875652988128,568.1875652988128,24481600
2023-01-31,579.6448364257812,595.7548201119877,578.423794840623,595.7548201119877,19967880
2023-02-01,572.8305053710938,588.9011209834347,562.1660456440967,585.3167907681543,26348660
2023-02-02,563.0276489257812,573.0077816271294,555.8736538191793,573.0077816271294,20250440
2023-02-03,592.234375,593.7853188233877,565.9227227232062,568.1826350930261,14868920
2023-02-06,601.0919799804688,603.0417639019458,586.4590743293998,590.8312278193615,10738200
2023-02-07,606.640869140625,608.7531099766406,600.678404647769,602.9383172267305,14721930
2023-02-08,625.458740234375,627.9550354322034,606.862380782955,607.078990016185,19032080
2023-02-09,635.635986328125,638.8658928460247,623.8440027218933,627.7483791122133,18381540
2023-02-10,633.715576171875,642.7848551582264,632.1892745233439,635.5324130505301,12912820
2023-02-13,624.8531494140625,637.423096240687,620.0822168462499,633.6614641340898,7365570
2023-02-14,636.000244140625,637.3443755120701,621.3574822900994,625.6705548834475,10340900
2023-02-15,639.0775146484375,639.6732502354428,629.9540813719826,635.1435682085827,6189790
2023-02-16,633.8928833007812,642.5042426245285,632.1893393605231,640.5594474361687,5290480
2023-02-17,631.8644409179688,637.6841621800075,627.0196416696812,631.2046962077198,6160440
2023-02-20,627.009765625,634.5083887919454,624.6070496304424,632.6817548647725,4657320
2023-02-21,628.1766967773438,631.0324051942566,625.4933622237071,629.7276408295902,4485090
2023-02-22,610.392578125,626.2810221637382,609.0484468683524,623.4253142166646,9347000
2023-02-23,610.7569580078125,616.6751267160316,602.9087792094288,611.9041937016673,8097680
2023-02-24,614.0951538085938,618.9941049373014,610.525548785453,615.818411405972,6077610
2023-02-27,609.9839477539062,614.5628531746529,604.1248600733722,612.0026088599851,5950040
2023-02-28,601.869873046875,615.1142900447776,599.6936233188021,612.4949650316829,9778520
2023-03-01,606.0795288085938,610.9145309173117,600.6882183748093,600.6882183748093,5448040
2023-03-02,599.0042724609375,611.4708427639363,597.7290787875628,607.0986900670591,5822980
2023-03-03,600.683349609375,604.7157439320706,598.0196686341835,602.8251008120409,7120370
2023-03-06,604.1100463867188,608.8514686182069,602.6526821626935,604.6171908655346,6084770
2023-03-08,590.52099609375,603.5340793855903,589.3541069077302,603.5340793855903,13427950
2023-03-09,581.112060546875,594.7701043264393,580.009180393407,590.8312294633503,9408580
2023-03-10,578.4384765625,579.7432407771199,569.2658200540168,577.5374806464574,7708610
2023-03-13,574.4405517578125,585.6614404550556,572.2200063052675,577.931422785115,7933560
2023-03-14,564.396484375,576.0604487138802,562.8799790871698,575.07572999813,13725650
2023-03-15,563.135986328125,573.1062628073771,561.3880866574459,571.1368254781421,6794730
2023-03-16,562.776611328125,566.7056294467311,557.8431608715432,564.2142622091911,8849630
2023-03-17,564.4751586914062,572.786186174397,560.1177908571459,565.2334112548489,10471510
2023-03-20,546.59765625,565.2728121718287,540.1871280909953,565.1300688343298,17127560
2023-03-21,562.2842407226562,562.7667432745995,550.0786330683665,551.6197202550104,11301140
2023-03-22,574.5045166015625,576.7497038892943,564.7361247853146,566.1934891003622,12425340
2023-03-23,574.3912963867188,580.9839948627526,568.428832261905,572.0723032332304,10544190
2023-03-24,556.2921752929688,574.0663350315745,554.1208538255656,571.5208757687667,12780420
2023-03-27,550.7581176757812,563.7514888985867,549.9211307725503,561.09273623176,11187430
2023-03-28,544.9876098632812,553.845149139584,543.8305774925232,553.5152467613651,9481360
2023-03-29,553.9239501953125,555.9721216986222,547.0112060898874,547.7153063645889,11096120
2023-03-31,553.0918579101562,560.6988458480981,550.0835495259977,560.6988458480981,12678280
2023-04-03,562.7716064453125,564.6376674189438,554.613179213843,556.8583664636167,7453860
2023-04-05,567.3259887695312,585.6171506209325,565.5387219270425,574.2879571826086,24333290
2023-04-06,584.1548461914062,586.7939454136422,561.8362166654957,567.2964654753546,17405020
2023-04-10,573.9727783203125,587.8671432435414,572.2199503755209,585.4102751620987,9282570
2023-04-11,574.8541259765625,579.0145380294148,572.2347408376268,576.8481450843242,8116200
2023-04-12,576.7448120117188,578.6945357569375,569.7582017539212,574.7803030617737,10230690
2023-04-13,581.4222412109375,584.6275053941237,576.099807777481,576.7448273764676,8330060
2023-04-17,587.0350952148438,590.6342104824885,580.9839801213035,590.6342104824885,6728570
2023-04-18,582.5250244140625,590.2403157972075,578.0544238878259,588.369326533777,6408890
2023-04-19,585.6860961914062,586.8923525730764,579.014602874109,582.5251274878098,5549280
2023-04-20,582.2345581054688,587.4781363185967,579.6201014978961,586.8922576286975,4367310
2023-04-21,584.716064453125,585.4152363302019,573.8940161262567,582.2641246356035,6431010
2023-04-24,584.3074340820312,587.3551094814027,578.7191677146304,584.9228832436934,5448920
2023-04-25,598.2412719726562,599.9596013525845,583.8101900994203,586.8825077364672,14944750
2023-04-26,596.3406982421875,602.6281368209708,592.1409186225487,600.6784130082559,9740070
2023-04-27,610.530517578125,615.8873896679007,597.330334659734,598.2166055237158,28271360
2023-04-28,618.4132080078125,619.9788771026875,601.7615809286756,614.8485310781757,14896680
2023-05-02,615.3654174804688,623.7848098003745,612.9676300343461,623.3268891949851,9912540
2023-05-03,608.580810546875,615.9415589327853,606.1878911687692,614.2724534912477,6682510
2023-05-04,629.2598876953125,630.1215165528652,608.7678940700747,610.230186906588,12451410
2023-05-05,629.220458984375,634.9466005824656,623.4893889846277,628.2455970956864,11600400
2023-05-08,655.6207275390625,659.2789837175087,629.0382527638926,629.673415517007,22247350
2023-05-09,645.2122192382812,663.6855497504256,644.2029187369524,654.8378675732911,21307700
2023-05-10,653.0161743164062,656.3149576394034,642.5288970138196,649.0230874379074,8353210
2023-05-11,656.162353515625,657.7920918138354,652.3761389620748,655.7242065841472,5674940
2023-05-12,661.1795043945312,663.0750758086454,650.3771093606697,654.8379137728433,9120780
2023-05-15,660.97265625,664.6850646587312,658.3631879835532,661.1794687958885,7390760
2023-05-16,668.0922241210938,674.4338145097428,659.7614828647534,661.7309201270361,12651330
2023-05-17,660.2587890625,670.6377020883552,656.0195824490743,668.1316099306416,7407850
2023-05-18,668.56494140625,672.6269061945728,664.2075730174507,665.650152309137,11067180
2023-05-19,668.0527954101562,671.5781049304139,660.9431557584586,669.6086676725536,5928340
2023-05-22,668.92431640625,671.3811847072285,665.8569273312282,668.0528307571432,4197920
2023-05-23,667.6934204101562,676.8907193685205,665.3842839441708,670.5983525499395,7901960
2023-05-24,668.2251586914062,674.3895073819222,662.6910443947199,666.5561133817886,5539360
2023-05-25,673.6607666015625,674.3352964496577,664.3010113450472,667.4422661352725,5302600
2023-05-26,679.8989868164062,681.4252886650349,673.6657010899592,674.1974275107041,6940730
2023-05-29,682.6119384765625,686.5360280439613,679.6331403889623,683.4144866155344,6407280
2023-05-30,689.8742065429688,691.1494003621441,682.414950771463,684.1825039141377,8819230
2023-05-31,688.3035888671875,691.8633373656315,682.1441685656824,689.7855953248534,21476270
2023-06-01,693.2911987304688,694.9455189580734,684.487811021188,691.6664489134719,5900260
2023-06-02,691.6565551757812,699.1502497662922,689.7954224806869,696.7623190323002,6642090
2023-06-05,693.55712890625,698.3231340792297,690.5881874003501,696.1961679884508,5771620
2023-06-06,700.5239868164062,702.3013968779019,691.7648946471262,691.7648946471262,6905860
2023-06-07,697.1758422851562,703.187530121637,695.4082892220608,701.1196450970233,5344830
2023-06-08,690.297607421875,700.233384611503,688.8254578974381,697.1807809393324,4553600
2023-06-09,692.9613037109375,697.4269762951523,690.4896503098628,690.5585878269096,4473610
2023-06-12,698.923828125,700.1350129230075,693.3995104042349,694.2414857831197,5132550
2023-06-13,705.7232666015625,708.9974683195022,699.1502812595091,699.1502812595091,8001340
2023-06-14,698.8400268554688,707.2249202744641,697.3826625401954,707.2249202744641,4015200
2023-06-15,701.7695922851562,703.2565271173365,694.8174807664366,698.6579076826313,4370180
2023-06-16,709.3125,710.8289449875243,702.2028005465812,706.0432270779445,14148580
2023-06-19,727.3328857421875,728.578569261232,709.2189669105896,710.1741752560579,11845900
2023-06-20,713.8027954101562,726.343171861735,709.0958118387119,726.343171861735,8638260
2023-06-21,709.60302734375,717.4561947163365,706.7325940876074,716.3828249321817,5468040
2023-06-22,692.2572021484375,709.4060555832675,691.2724835109575,709.0072757883652,8271940
2023-06-23,688.2838745117188,694.7189842281282,684.9801026823255,691.3659884883805,8152260
2023-06-26,689.1749877929688,692.7495210466509,683.8870538264379,688.3182874365443,5635390
2023-06-27,691.1986083984375,692.2571929401386,684.7733554358218,692.2571929401386,7097890
2023-06-28,698.1852416992188,701.6120433941683,693.241934806308,694.655003675572,7097820
2023-06-30,708.1138305664062,711.5156590643634,701.2508418089282,702.1210812170924,8879080
2023-07-03,725.1624755859375,727.3380740107673,708.0544676977694,708.1137994567265,12092270
2023-07-04,777.3221435546875,783.2110770760802,752.8171616958847,756.5106994484865,41622080
2023-07-05,775.17626953125,791.112430288278,769.3664649278425,779.250544696842,19786660
2023-07-06,768.0067138671875,773.7176522515389,764.9163923080888,768.970870050489,10459840
2023-07-07,753.7764282226562,766.2910240700928,752.1200278472285,763.4330800487938,10949150
2023-07-10,744.9652709960938,754.5279449050445,734.9822650786477,753.7763690621692,14515180
2023-07-11,736.1392822265625,759.4773645997745,729.9091461838095,748.3027748224132,16750430
2023-07-12,734.94775390625,742.4683417182324,731.6052570214027,738.7006237969854,11317550
2023-07-13,739.1654052734375,743.9417629643731,733.3703882356988,738.705538853855,7470520
2023-07-14,739.9317626953125,743.5462318437566,731.778262939339,739.106067385201,7266000
2023-07-17,742.760009765625,745.8305943757243,735.941565175192,743.6549958800384,5067440
2023-07-18,733.7659301757812,747.1161189323487,729.127973297149,743.6549588843498,13097090
2023-07-19,750.0531005859375,751.4672847479007,734.7548027758135,735.9365489007421,9759430
2023-07-20,751.2299194335938,755.2399736423955,741.8749370149387,746.7205248101284,6494360
2023-07-21,749.761474609375,757.2722238262216,744.9504714625906,751.2299809896789,6733940
2023-07-24,749.7466430664062,755.9965170288039,747.6452242722853,749.7515924098436,5843420
2023-07-25,752.2040405273438,756.451361440595,745.7365771486303,756.451361440595,8508690
2023-07-26,735.0663452148438,764.8175100299142,724.9646757580742,755.0273473940453,22288660
2023-07-27,720.3267822265625,749.380756168841,718.7050272358173,749.380756168841,21471720
2023-07-28,729.9685668945312,731.254189001507,712.9990190187492,723.7780851969835,10070500
2023-07-31,721.9288330078125,728.8115587529832,720.0251465864335,726.3492001211957,7493150
2023-08-01,718.9027709960938,724.8658849422148,716.3613434502885,721.9288720609418,7527650
2023-08-02,712.351318359375,720.9103029859351,706.5712091679707,720.9103029859351,8985360
2023-08-03,702.94677734375,714.4130768889494,694.016955658906,709.5377930936302,10818980
2023-08-04,706.93701171875,712.5045398777197,699.2829129254101,705.9778048769389,7313490
2023-08-07,704.3115234375,710.3042727499725,699.3125660356488,708.2522871085881,7184090
2023-08-08,709.3993530273438,712.5045225455547,700.65253605613,705.5822024097894,8073620
2023-08-09,704.6279296875,713.3946049498472,701.1321843525876,712.0101166909211,5115720
2023-08-10,706.4573974609375,709.4389541463732,701.3299384143273,702.1259979941526,6161300
2023-08-11,698.2247924804688,707.9556237595651,695.3025674550223,706.4574213516,6303960
2023-08-14,694.0170288085938,698.0567190953092,686.3530309325464,696.1876780306222,6937850
2023-08-16,690.402587890625,691.6387165229881,684.3208108762607,691.6387165229881,5987950
2023-08-17,684.6422119140625,694.209835394404,682.6396593995953,694.209835394404,7101180
2023-08-18,678.5950927734375,683.9054966119958,676.9040470556215,681.7002020625492,7455330
2023-08-21,696.9985961914062,698.4621532675251,672.5528834699409,672.5528834699409,12308310
2023-08-22,699.1494140625,707.4116786323672,697.176557568646,697.2803730605823,12487800
2023-08-23,703.747802734375,706.9666864071334,692.528668280197,702.121038197563,8032480
2023-08-24,705.824462890625,710.620617590687,704.1976983808458,707.0655408013581,9103600
2023-08-25,713.1473388671875,719.733405516507,702.2199137138255,703.6044018944215,13032760
2023-08-28,715.5306396484375,718.0424314953203,705.8888355684554,714.4774555576948,7036260
2023-08-29,721.241455078125,722.9818733289762,715.5700515718052,716.9545396535817,14183050
2023-08-30,718.7445068359375,724.9548459549089,717.7457052601033,724.4702328383768,4602680
2023-08-31,708.3511352539062,720.4157627064197,705.5822192052581,719.9213112563809,14129800
2023-09-01,723.9362182617188,724.8064575987127,707.5599894731322,708.899933520938,6760760
2023-09-04,718.9571533203125,728.821435581415,717.7853058008894,728.821435581415,5813630
2023-09-05,726.3590698242188,727.6792165505018,719.9213023669519,720.2179611617435,12213530
2023-09-06,730.5817260742188,731.4914998577635,720.9794570202578,723.4121799251719,6051570
2023-09-07,728.1489868164062,730.5817096666859,722.2650025201771,729.8103364368986,5496220
2023-09-08,732.8413696289062,736.7277509931089,728.8214767087295,730.7992826156731,6246420
2023-09-11,730.96240234375,736.1393549821572,728.030338997531,734.2604152981893,4068490
2023-09-12,734.8834228515625,737.6227032212357,722.4430073687112,733.8648238845564,9635170
2023-09-13,739.2940063476562,742.4930930062787,729.8746813076328,734.6856846544025,5798460
2023-09-14,741.113525390625,742.8342068543316,734.4631772415403,739.2939777757487,6503720
2023-09-15,740.9058227539062,748.119913071407,737.2815152515639,741.5783298598583,7874940
2023-09-18,746.4882202148438,747.6106347271459,738.2160566452571,740.5795491959524,7066180
2023-09-20,745.533935546875,756.2140750115316,739.9960429800516,740.5547755441771,8441900
2023-09-21,740.11474609375,749.9493934023966,734.2604573942517,744.643938609928,6757250
2023-09-22,738.843994140625,749.2917559238169,737.0886673112819,741.0789244011612,5263040
2023-09-25,773.3072509765625,776.2789091396079,742.6661078694559,749.0939769788454,23475330
2023-09-26,778.3308715820312,781.2283498665388,768.8720128298175,773.3121772402229,12468200
2023-09-27,775.0576171875,776.7832479638334,765.6828367684684,776.7832479638334,7441100
2023-09-28,765.31201171875,774.2121382056094,763.240228667118,771.8140002825958,7775050
2023-09-29,772.4073486328125,776.0909878109832,763.9274941504476,765.3119823606537,5730050
2023-10-03,787.9182739257812,788.6994854777103,766.8941888903087,769.445575239037,9445550
2023-10-04,776.6893920898438,795.3746732893186,773.3221483926579,793.5946599553811,11763840
2023-10-05,776.3778076171875,782.7018006462241,774.004416503966,782.7018006462241,7950610
2023-10-06,807.7902221679688,810.109230748623,775.7942896144405,776.2887410418556,21450340
2023-10-09,793.8616333007812,804.4725425437314,792.9023660618836,801.2141242531701,7478000
2023-10-10,799.3895874023438,804.4725631353267,793.1990451756633,796.5613394044323,9650240
2023-10-11,801.2042236328125,808.2303596975008,800.5614125795436,804.947194698199,7123720
2023-10-12,792.5364379882812,803.681392902601,791.418972890995,803.4836002525088,7640920
2023-10-13,796.22998046875,799.3203020262785,786.7760711742726,791.077834997058,6622820
2023-10-16,794.682373046875,797.9458010130005,789.4066145268058,795.5031793817004,4382460
2023-10-17,800.319091796875,806.8458870447345,796.8134479739599,799.0335301194888,8382830
2023-10-18,777.9254760742188,799.4884975720454,776.288812726577,796.0668716495471,15446420
2023-10-19,775.4531860351562,783.5077591488215,764.5208113112154,775.6262319718718,10614530
2023-10-20,768.2984619140625,774.5433864486874,763.6803020443698,772.333202844484,7711530
2023-10-23,771.2355346679688,779.7400758783622,767.5221992692816,771.3442995063751,8822300
2023-10-25,760.9064331054688,776.976105947928,759.0818757874298,771.235531600071,7087740
2023-10-26,733.9439086914062,757.1039964978623,731.9067712382689,754.0483204970762,13246300
2023-10-27,742.38916015625,746.5228274156469,733.4297022478072,742.6611325983672,9119440
2023-10-30,741.978759765625,744.3323534221029,727.0908343181081,742.2507321976938,7992760
2023-10-31,740.9503173828125,749.5586733388831,737.7709681240304,748.5796691627569,7494100
2023-11-01,738.8983764648438,746.5228397198252,737.4892018730178,743.6549971038137,4627780
2023-11-02,736.6436767578125,753.049603407894,732.8957562713833,744.6439282549496,8550300
2023-11-03,732.9254150390625,745.430051278167,729.0637202082291,744.4460977124863,11387550
2023-11-06,747.8133544921875,748.7923587322433,736.0009017912865,737.3259979125064,6340430
2023-11-07,741.2420654296875,755.5218259149593,736.3370852498974,755.5218259149593,15630070
2023-11-08,737.7166137695312,745.2372010065922,732.4457444143882,744.3472246116446,9167170
2023-11-09,730.472900390625,740.1938329594809,728.495094557734,740.1938329594809,7717910
2023-11-10,736.2184448242188,737.1282789908291,726.492622993853,728.8214701136949,4962610
2023-11-13,727.9166870117188,736.7327355342866,723.7781303680314,736.5152058458964,7322400
2023-11-15,714.4131469726562,739.3236145596386,704.0148180250579,735.6844589667159,19234400
2023-11-16,728.0748291015625,729.8795890110422,685.4333398092524,686.7485975995427,45570430
2023-11-17,714.0867919921875,717.9435376183999,702.9171501356352,706.1261353615141,20800340
2023-11-20,699.0159301757812,715.8668752035733,697.1864838472223,707.1644808897621,19029400
2023-11-21,702.4326171875,704.9741050692668,695.1987895307713,700.6377558784516,16662250
2023-11-22,704.9246215820312,709.8196426586155,698.709333045161,700.7811160100655,10414040
2023-11-23,699.5153198242188,708.0545063845899,697.7698916459213,705.5822490298951,6061580
2023-11-24,694.2889404296875,703.7823837915123,693.3197745785576,702.9121444415969,7264990
2023-11-28,704.8455200195312,705.5822478814035,695.1888683219288,695.693218478721,7281580
2023-11-29,705.09765625,708.9049082171309,703.5104864328264,705.4833428613379,6824300
2023-11-30,704.2867431640625,708.4104512655188,700.7019702309718,705.2855447281921,12719340
2023-12-01,717.8792114257812,719.9064502628647,706.2744505882342,708.0544637047503,9004770
2023-12-04,732.544677734375,733.7659583408794,723.3874271414912,725.8547350703577,11014260
2023-12-05,726.8238525390625,735.7437762375278,723.8818904801752,734.7548733124773,15222420
2023-12-06,734.4681396484375,737.6227425072904,728.3319798772798,730.7992879355251,7018000
2023-12-07,730.9179077148438,735.743758702704,724.4702414826704,730.7992441952933,6688620
2023-12-08,722.6506958007812,731.6002550106168,719.3279965291479,730.8536284894523,11443880
2023-12-11,721.1821899414062,727.1106580262348,718.9373610333108,724.3713776658078,5900550
2023-12-12,723.3380126953125,727.2392420139957,719.9213361571722,719.9213361571722,6333120
2023-12-13,717.7456665039062,722.344088835766,712.7022861819896,721.8842224594443,6829550
2023-12-14,739.1257934570312,742.7896956257157,721.90902041276,728.6730824926539,17295670
2023-12-15,743.16552734375,744.5351676071671,736.2382572471354,744.5302182637156,11739380
2023-12-18,750.3400268554688,752.5551598500715,744.2483507624639,746.4239493671085,10827980
2023-12-19,754.7950439453125,755.6800710648897,745.1383919054061,755.6207393006842,7914080
2023-12-20,741.0789184570312,760.9607922259556,737.73642177951,756.5107291135232,8745460
2023-12-21,728.5396118164062,739.4026954676187,722.4429869320222,734.4185863232649,9130820
2023-12-22,721.4343872070312,735.7437837059992,716.2623838131826,733.6621623421479,11294850
2023-12-26,708.2819213867188,726.2503309593596,706.5958853602687,724.3713912620949,12258440
2023-12-27,715.2537841796875,724.2132428622983,711.1102782337936,713.978060692493,16052790
2023-12-28,717.8099975585938,720.9102178233607,712.0100916773932,719.4268634656994,18560640
2023-12-29,724.6433715820312,726.1514123416264,712.5194119543202,715.13996851463,9128020
2024-01-01,721.8052368164062,725.5531572687302,719.2291035878752,725.5531572687302,3314890
2024-01-02,734.7598266601562,736.2481303990959,719.9262827035571,724.272530397351,11129900
2024-01-03,730.2850341796875,740.2779395735253,728.6434818334453,736.2332999340783,5534050
2024-01-04,762.0040893554688,764.8126002318069,747.6106144641175,747.6106144641175,29118790
2024-01-05,762.5579223632812,770.2565659699699,758.795153715029,764.9115163170187,10526010
2024-01-08,765.0152587890625,774.3109701860294,754.6614744046998,759.1807678976411,11212090
2024-01-09,763.9719848632812,772.3331759020847,761.2574511927395,768.7731495545083,12470830
2024-01-10,759.5318603515625,764.9411909619719,757.499671999258,763.0375044660354,5590720
2024-01-11,758.4638061523438,770.6817429853727,756.6145624883184,759.4774558061606,6517410
2024-01-12,757.6034545898438,763.3292411436346,753.247368599651,759.8730302560147,8086380
2024-01-15,739.5015258789062,761.2524388454392,737.1281952962291,761.2524388454392,9972200
2024-01-16,737.3902587890625,753.0001248572622,734.5471629531456,739.2049173383755,11947230
2024-01-17,727.7188110351562,739.5213645833167,722.116637548373,722.2254627379597,13802710
2024-01-18,718.4923706054688,727.0167091466525,715.3724132059621,721.5035631671136,16869960
2024-01-19,723.7879638671875,730.6806491222688,718.0671866036704,727.8326036705821,8308100
2024-01-23,699.2235717773438,727.3380736207916,696.4447570783,727.1303822856321,25332970
2024-01-24,697.70068359375,702.516635830037,691.9155654838189,702.516635830037,20636750
2024-01-25,700.6871337890625,704.6724414254495,695.7920523899799,697.7006880911647,11683490
2024-01-29,711.1843872070312,714.4774510182384,700.6476573808568,700.6871917710828,18603610
2024-01-30,674.1549072265625,691.0948200189839,672.9484745686839,691.0948200189839,41531470
2024-01-31,678.6741333007812,684.4196565982251,673.6406514604074,674.4317616899417,18105120
2024-02-01,666.846923828125,680.3602605190216,665.8283248474089,678.9708833006581,19111370
2024-02-02,677.2304077148438,683.3319218680859,667.8061338582696,668.0039265150391,13675080
2024-02-05,653.4868774414062,681.8486077931074,652.6759697511978,681.7497416377995,17712220
2024-02-06,652.4930419921875,662.4661505773942,646.2481170693912,657.4227090114159,24395330
2024-02-07,663.4747314453125,666.2832423008938,655.1729324594918,656.7304062751721,15382370
2024-02-08,650.2679443359375,666.2733355176964,646.4161481875257,665.7146029593122,21932090
2024-02-09,658.0654907226562,660.3597528464613,649.9070412540689,650.698151555211,12098740
2024-02-12,649.6251831054688,659.7812360828563,647.8798152077181,659.5439090235501,5447840
2024-02-13,653.036865234375,656.532670846935,648.0379682310628,652.6759253268659,9480140
2024-02-14,657.2743530273438,658.2137625195079,647.7314156611072,649.101055869035,6361260
2024-02-15,654.5944213867188,660.3300464273348,651.2568739291971,657.2248766772686,8808590
2024-02-16,654.5745849609375,658.6093256579569,652.8737009595312,657.6253721096629,10294310
2024-02-19,663.830810546875,673.1363608792772,655.1779096131629,657.5117061219723,13158810
2024-02-20,668.8543701171875,671.6628809910871,660.7107689882996,663.7417588779348,11067090
2024-02-21,661.4573364257812,671.4650283376205,659.1086921808595,671.4650283376205,8549440
2024-02-22,660.0877685546875,663.2423713736378,648.8192001458722,661.6798878153451,10223740
2024-02-23,662.3523559570312,664.4439364604978,655.8998002267024,659.9938730501269,12803110
2024-02-26,656.952880859375,663.3560025039205,655.0689920072216,661.5759894916541,8920560
2024-02-27,648.3494873046875,656.8293420510138,641.9067701918608,655.7415126068917,11503060
2024-02-28,642.6583251953125,652.3545109230957,640.314630142184,649.9070003795892,5353210
2024-02-29,642.3270263671875,646.6436382785132,629.5553669879544,642.6880266306442,16990980
2024-03-01,649.8526611328125,653.5363005506429,642.9946214544225,643.9488790194872,9190800
2024-03-04,652.918212890625,656.6265988934682,648.4681496872132,651.4892409079214,3971180
2024-03-05,625.4069213867188,656.260704773303,620.2399277375183,652.9182080522155,17175580
2024-03-06,624.121337890625,627.5479129698282,611.9133606571849,626.2227565367214,21047920
2024-03-07,634.9794921875,639.6817304159486,625.5206333127682,627.9533562326668,14694210
2024-03-11,636.2354125976562,647.9292016328424,633.2934505702432,647.7314089783794,12039710
2024-03-12,636.4628295898438,641.3035285842609,627.0979481287742,633.3923054097442,10946770
2024-03-13,638.4505615234375,644.2653156353725,632.0622871643352,636.7793131416424,11321830
2024-03-14,632.6456298828125,639.8201246720199,622.7912470798685,638.4504846087832,12198650
2024-03-15,644.2059936523438,650.5003512995228,628.9422789662733,630.430582741197,19705000
2024-03-18,643.2467651367188,648.2258647870518,638.4456004113996,644.2059719984294,6764250
2024-03-19,652.3050537109375,659.3212905812494,643.2813150486486,643.746070424422,14080870
2024-03-20,657.5709838867188,665.6305061655747,653.2692201325056,653.6648054287006,14908310
2024-03-21,664.1224975585938,669.6504311391669,658.3275408723007,663.3066405694403,18060920
2024-03-22,668.58740234375,672.7506450116877,661.2101648250671,663.0594084585088,11252380
2024-03-26,683.341796875,686.7930583099001,667.0150004752018,667.9544702939183,18503210
2024-03-27,694.4818115234375,697.0776816482081,682.8374556777577,686.8672470858751,15512750
2024-03-28,716.4849243164062,726.7744279861258,695.4064558074881,695.4064558074881,35745180
2024-04-01,717.048583984375,726.1959366345027,713.992907548133,718.0671830350213,11252380
2024-04-02,712.7418823242188,717.4490698900564,705.5822348264029,717.0485352348928,9676150
2024-04-03,722.8138427734375,724.2082296679658,710.6404504439101,711.713431823186,9589430
2024-04-04,720.2575073242188,726.8435735557239,717.4489967546634,726.3491221451417,10405890
2024-04-05,709.6021118164062,717.8446392163069,707.658891060555,715.4465013976555,12004940
2024-04-08,709.888916015625,714.6752329060805,706.3536362150252,713.4934866243086,5182100
2024-04-09,711.377197265625,715.5058549269611,704.5439045765202,713.9879154868058,7102810
2024-04-10,715.0015869140625,717.3502314444465,708.0545194757877,715.5603195008678,5679860
2024-04-12,714.9323120117188,718.339089740595,707.6885862073565,714.3834781458953,10925880
2024-04-15,699.7724609375,711.891471607907,698.5066361699376,706.5761181685301,7584480
2024-04-16,687.707763671875,695.623935944621,685.4085524363373,693.2159598796806,9632930
2024-04-18,681.670654296875,691.7376800531335,678.980806628098,685.1219162670461,13851330
2024-04-19,704.0494384765625,707.0655802789108,673.4478306997319,676.4145394281749,12183750
2024-04-22,721.1277465820312,722.4924374179874,708.7763589700576,708.7763589700576,11652720
2024-04-23,717.93359375,725.8448168071468,715.6492305065625,722.7891407017154,10815670
2024-04-24,724.7817993164062,733.7116221169778,716.9546540291749,720.2180217621519,8869290
2024-04-25,721.394775390625,728.3121464292608,704.6032232646588,724.8658342679078,11733540
2024-04-26,665.6503295898438,692.2320449443337,661.7244139638533,692.2320449443337,58147230
2024-04-29,675.0844116210938,676.3700336477826,663.8554387645115,671.460104304822,16810300
2024-04-30,684.671875,689.7597999355404,674.624647697459,675.4157579770705,17986750
2024-05-02,680.6322631835938,689.2604174119629,678.8818856206508,686.0860171647952,11395720
2024-05-03,685.4581298828125,731.7882107009423,683.0303561484652,724.7670236333023,68186010
2024-05-06,678.37255859375,694.2049040819707,676.9040522358486,693.0182085002732,12299880
2024-05-07,679.6284790039062,686.6051818399118,671.26728794106,681.3491604221108,12981260
2024-05-08,672.3995971679688,680.3207191435722,670.970625218409,679.524659543034,7259250
2024-05-09,653.1852416992188,675.6877329895308,651.192587783747,672.4441023656302,13811150
2024-05-10,660.9974975585938,662.3671377062071,652.7945650598544,656.5227482362066,8249080
2024-05-13,664.4191284179688,666.9457680559324,654.6537123909883,660.9827150224974,5122560
2024-05-14,660.1619262695312,666.7035093955961,658.3720144075322,663.5538560253485,7558400
2024-05-15,660.5870971679688,665.7244546650825,657.1308865705449,661.7737926476228,5950590
2024-05-16,667.2276000976562,668.7060050012014,654.9552821659904,662.5994817342189,10598510
2024-05-17,665.2745361328125,670.4761751132173,662.6687672994169,667.2128075714031,4801580
2024-05-21,666.8023681640625,670.9706204624854,663.0593972293242,663.0593972293242,7616240
2024-05-22,666.9705200195312,670.2239888204876,665.2596769650982,670.2239888204876,4160460
2024-05-23,675.0894165039062,677.7446185334336,665.5366404812819,668.4539162807214,7093170
2024-05-24,676.1030883789062,683.3319668293134,671.7617897622256,674.4318399096842,7420430
2024-05-27,681.8980102539062,688.2319625568224,673.4429021878743,678.2885507373569,6554710
2024-05-28,679.6779174804688,686.7930812672806,678.0808489141865,683.7225570003151,7528670
2024-05-29,673.1165161132812,683.1341072604279,671.0051987768518,680.167398577747,7213310
2024-05-30,654.302734375,672.3502138388423,652.0876013473786,670.4663246819454,11555750
2024-05-31,662.3375244140625,669.6801164832647,656.8688623246592,659.098843225669,28417330
2024-06-03,683.8806762695312,691.1145027468531,675.7123293928037,687.173739530603,11482120
2024-06-04,643.7312622070312,683.9202275712877,630.4947880961173,683.9202275712877,32993870
2024-06-05,676.0782470703125,678.5851496023271,646.3023966610452,653.0714680739336,12185170
2024-06-06,684.8944091796875,693.5126644270805,674.6592276242362,677.3985080589265,14657160
2024-06-07,711.15966796875,721.80027315883,686.3974999585087,691.7375999266702,29840520
2024-06-10,701.0184326171875,716.9545929818677,699.6735391769244,716.9545929818677,8723180
2024-06-11,705.8887939453125,708.9445305386997,697.275427746262,700.4399291754343,12052130
2024-06-12,713.7654418945312,719.624679727956,703.6044400680491,706.8678076904008,12685080
2024-06-13,721.3997192382812,724.3713772938959,715.1894403862633,717.1721351798792,13454950
2024-06-14,726.008056640625,728.821456493451,716.657962574695,721.5085000408552,11874880
2024-06-18,725.3306274414062,734.7005192323682,721.899163130893,728.3270323916475,9469040
2024-06-19,715.367431640625,726.7398149744196,709.8245898506901,725.3305800576533,5204000
2024-06-20,712.7122802734375,718.4281080462251,703.2088768726288,713.9879433741869,9001580
2024-06-21,709.0498046875,722.0446324694118,703.1611527489454,719.4903860910783,14998180
2024-06-24,703.8419189453125,706.3365356007052,697.7495074783413,703.2604847306948,6356540
2024-06-25,703.1065063476562,709.6212996555279,695.5083709195645,705.7451926619771,15608110
2024-06-26,711.4301147460938,713.5221860504696,699.1856620419774,702.6641976740269,9125520
2024-06-27,712.2798461914062,719.460573942277,703.9611816136837,710.6151305701421,11376060
2024-06-28,707.1912841796875,718.1685322186668,706.1726065291518,712.1059655688822,8295840
2024-07-01,723.21240234375,725.9207272336754,703.1611409512669,703.1611409512669,7727450
2024-07-02,712.1655883789062,723.1328879337183,707.8323412763633,723.0384996523459,12810270
2024-07-03,721.4284057617188,723.9975745885878,712.6028592214226,714.5856196463048,8363930
2024-07-04,706.3465576171875,728.0078809253473,705.6458641051147,725.6275490567873,18979770
2024-07-05,709.4224853515625,710.6051898962447,703.3599189257211,709.0249748175675,9310790
2024-07-08,705.471923828125,710.3816311026244,700.3783535151017,710.1132674990514,6777050
2024-07-09,702.4703979492188,709.8597991954725,699.8813929400646,706.6247561509977,9735030
2024-07-10,701.16845703125,708.5628327082638,697.7942578905146,702.4654466729166,8097140
2024-07-11,690.7676391601562,704.4432026593713,688.7500593640043,704.4432026593713,9718010
2024-07-12,696.1344604492188,700.1795076092436,687.2642069952807,695.4039825477894,10688330
2024-07-15,702.0430297851562,704.1549978450303,695.2350628917839,697.699834439601,5333730
2024-07-16,701.5808715820312,704.6519483721984,696.2239726888939,703.6580810261163,5582000
2024-07-18,706.6396484375,707.4247817645261,692.8397913076371,700.3882449748814,8646050
2024-07-19,688.9786376953125,706.6396797641813,686.7623329353718,706.6396797641813,9385980
2024-07-22,684.203125,691.5925263932671,680.739511809894,688.9488659071203,5751930
2024-07-23,668.5845336914062,690.225959062389,657.9401924261825,689.1476517995588,19322120
2024-07-24,656.6630859375,661.3888693290506,650.0935767208703,658.9340461175844,31006260
2024-07-25,660.6981811523438,662.5119405080181,651.1272338740966,651.9769710331029,9509650
2024-07-26,674.81103515625,676.6646486516896,662.6212986541362,663.4114061836091,11101840
2024-07-29,677.067138671875,681.2960489782841,672.4257952648938,678.2001619771381,7485650
2024-07-30,678.17529296875,685.6690914182183,674.1401940578238,677.0671406076982,11794130
2024-07-31,676.5205078125,681.2960329009433,675.1340435200711,678.5082424088558,8896590
2024-08-01,673.01220703125,680.2028838894711,670.8605059131542,678.9605496192615,8395230
2024-08-02,668.3757934570312,670.8604618341949,663.2176194796054,668.3757934570312,6222180
2024-08-05,655.6244506835938,660.9217805867173,649.2537877299146,660.9217805867173,9440410
2024-08-06,649.8252563476562,665.5929515605886,647.1567250390367,658.5364572427102,8918280
2024-08-07,659.6446533203125,661.8510095810441,654.0739859252901,655.9524096570016,4642840
2024-08-08,654.1832885742188,663.7095282421375,653.1049814038815,658.4420438172821,6903890
2024-08-09,657.76123046875,665.8910572919083,655.0578800059565,665.8910572919083,6994900
2024-08-12,656.762451171875,660.4248499070777,652.3795228768091,657.8507067960495,6748870
2024-08-13,642.5402221679688,660.4198862613507,641.2630686408131,660.4198862613507,10723270
2024-08-14,641.88916015625,645.0148921712703,639.1510509400183,644.2744658986547,7742760
2024-08-16,655.0480346679688,655.9524272329264,638.5597492381139,646.5106877500282,7534190
2024-08-19,657.5774536132812,661.5181038045527,655.3163810596429,659.7291546528827,5287300
2024-08-20,668.0974731445312,673.2358109601968,657.577426189841,660.6583906747377,9571590
2024-08-21,669.4044189453125,670.59209770796,665.3941908785135,668.0726706662808,6331110
2024-08-22,670.224365234375,672.351255901818,668.2664756906412,670.8604548909493,7282600
2024-08-23,669.4541625976562,672.0531160191972,666.3830857870794,671.3573967401463,6180450
2024-08-26,673.6781005859375,677.7181738114756,671.4617351343454,673.4444956552076,8983430
2024-08-27,682.1507568359375,683.1198138660923,668.872704045291,673.6780743587665,20359020
2024-08-28,685.7684326171875,687.4580191485584,680.9978817398458,683.3831268480939,8489860
2024-08-29,702.0231323242188,711.4102164531832,683.9347956052668,684.6801960962405,26391590
2024-08-30,715.599365234375,717.0802177780471,702.7685046603781,702.7685046603781,20443670
2024-09-02,739.4422607421875,740.431153873352,718.4667103516491,722.9391132945083,22963780
2024-09-03,730.8701782226562,741.4250446488375,716.1907380210192,741.4250446488375,18986560
2024-09-04,725.4734497070312,733.1759213026271,720.0817317222834,721.0457538886551,8867460
2024-09-05,720.0469360351562,728.1717893689445,714.8887621385913,727.5108894288851,6734470
2024-09-06,727.2276611328125,734.9648916174853,721.1054044009206,721.1054044009206,18428270
2024-09-09,730.2390747070312,733.2703580483353,721.8260214040064,727.9084848454536,8789380
2024-09-10,719.7438354492188,732.4752739711433,714.8887836644249,732.4752739711433,13089320
2024-09-11,730.0502319335938,738.642234679187,716.2106410666152,720.5538365804458,11048900
2024-09-12,738.2744750976562,739.4372828719743,725.1851988742337,737.449548240598,14467640
2024-09-13,755.1900634765625,761.3023717964473,730.6912702845822,738.2744828356314,22084380
2024-09-16,730.0701293945312,763.290133829076,727.7096944103594,763.290133829076,26795550
2024-09-17,732.032958984375,740.9280835888721,724.146624263555,729.2501426335814,15677860
2024-09-18,758.4301147460938,762.5447402196661,733.3250152548266,734.1946492042462,29749930
2024-09-19,754.3800659179688,770.0483990125776,751.3637052470688,762.7931795993721,17206440
2024-09-20,753.5949096679688,760.8054218170912,744.1332735148928,758.8176872075103,16450040
2024-09-23,754.8521728515625,758.912082003566,748.5510273942898,757.898378593347,5734970
2024-09-24,750.7872314453125,755.682015848209,743.8003757520975,755.0410126782717,10695400
2024-09-25,757.7145385742188,759.3146504386599,745.206696218289,749.872910675352,12720380
2024-09-26,772.075927734375,773.1691575392751,754.1018151308377,759.3146444535706,16681650
2024-09-27,770.843505859375,776.2104139074542,766.3711027062591,773.2288118053768,11781310
2024-09-30,765.5759887695312,777.6018198056745,762.907457426757,769.8496061373972,9619520
2024-10-01,765.5759887695312,776.6725562826821,760.4078665442956,761.3123197806568,7882880
2024-10-03,738.8261108398438,765.2778814117354,733.5734877746232,756.3330750056242,10406620
2024-10-04,716.7125244140625,738.4434238087,711.112072321837,737.449556481905,17681110
2024-10-07,722.48193359375,727.9084711608403,714.6204695486533,716.7125409082319,9362270
2024-10-08,714.2874755859375,725.0659374750487,711.6139700883193,722.0296801140275,9038050
2024-10-09,725.56787109375,738.1253947416064,716.1907350916989,717.174654060494,10543750
2024-10-10,727.4810180664062,732.2814141078209,722.8396747629785,727.510863202596,5594270
2024-10-11,725.7219848632812,728.5048014405701,718.1735304452302,728.0078677424524,3615870
2024-10-14,716.4591064453125,726.8996879020932,715.5844983167241,724.7976681440238,4451810
2024-10-15,697.3867797851562,721.1650438836688,693.6200443852651,720.0469431204706,14855670
2024-10-16,691.368896484375,701.605717653894,687.7561791037233,696.7009849013151,11256980
2024-10-17,685.71875,695.5878449266954,682.8861918223154,693.8137578410425,6897550
2024-10-18,685.7237548828125,689.6097494762975,677.8871012317123,685.0727426604419,7449290
2024-10-21,673.9315185546875,690.8123404474528,667.605502099843,686.6679307028929,22099660
2024-10-22,663.6946411132812,679.1095330759733,660.2906576471223,675.8297830258117,17006190
2024-10-23,695.2897338867188,705.5315295930252,656.0518098744292,656.5239332596005,26373910
2024-10-24,699.7720947265625,707.9167843431449,694.7729127990322,696.9494847393045,8951250
2024-10-25,686.7772827148438,701.6653966680313,685.1026186045988,699.7721108512147,10223240
2024-10-28,686.896484375,700.1795111005765,683.2837670427912,687.7561698816168,7149810
2024-10-29,697.943359375,701.670362006052,676.048432134572,686.6728767279247,14097500
2024-10-30,691.2347412109375,697.7395860249301,688.9488584404686,695.6077818107597,5660440
2024-10-31,684.749755859375,692.8050922470427,683.7558884764892,690.638468631654,7301530
2024-11-01,688.1139526367188,690.196136184048,685.9672259489859,688.7500422704345,450110
2024-11-04,680.1729736328125,693.222456410658,671.148641372924,693.222456410658,7162390
2024-11-05,688.7848510742188,697.1929909233248,667.0837957157746,680.3022197005025,12234300
2024-11-06,696.3233032226562,698.1023038526447,685.0031401113711,689.2469728959719,6962620
2024-11-07,686.2156982421875,699.578251541837,682.7868438809219,696.3233118281388,4590470
2024-11-08,685.3659057617188,690.8918662981018,679.9046096884491,686.2157035701208,4248400
2024-11-11,673.7228393554688,686.1859147392864,671.0742045669085,681.7930378072579,7623160
2024-11-12,659.7490234375,679.4921883965568,657.4432439345728,677.7181618894114,10572330
2024-11-13,652.5732421875,666.1146840933884,648.6574026154368,659.4309507931689,8673470
2024-11-14,650.8985595703125,659.8732101118493,648.9953255912069,653.1993647207028,5277030
2024-11-18,652.76708984375,661.6175077220023,651.480048609186,659.2322018151576,5965350
2024-11-19,655.4853515625,660.4049463345118,652.0763332271422,655.390902622179,8040460
2024-11-21,642.5997924804688,657.3438352373082,641.1437502422596,657.3438352373082,11010800
2024-11-22,664.2959594726562,668.1173501589124,641.6456846754861,643.0321489831416,9698550
2024-11-25,664.4400634765625,682.0911575081203,662.641165980151,674.8259895279239,11327510
2024-11-26,657.7363891601562,669.8466597168655,656.7922030982386,668.0776074763448,6632780
2024-11-27,666.407958984375,669.2007238284175,657.1699182341583,660.9217917675545,6420100
2024-11-28,646.947998046875,668.5000085325825,645.5168266744654,667.2825453255184,15768820
2024-11-29,653.5572509765625,656.8469494464103,647.0423971795695,647.9021433840127,7096430
2024-12-02,660.9863891601562,662.4125863758068,645.1192702841018,655.4555149510046,9202490
2024-12-03,663.451171875,668.1173864237712,659.0135880691056,665.5084845957932,13136660
2024-12-04,669.8665771484375,672.2916158482277,662.5964352385603,666.0650224975843,11304410
2024-12-05,680.8388671875,684.7646553497561,664.4450301121973,671.8543281869296,13482430
2024-12-06,680.8289794921875,689.2470068245896,673.707881110631,683.3781910090415,8332070
2024-12-09,682.6228637695312,688.2531001443601,678.6026268950453,680.8090438283174,8409100
2024-12-10,689.3662719726562,691.6173960970307,680.2078182391663,684.2577791941579,12045630
2024-12-11,707.1466064453125,712.1059950863745,685.0827379406123,691.7217649211524,19931040
2024-12-12,708.2100219726562,710.456171917063,703.1611587874203,707.8174249530981,9667960
2024-12-13,713.8750610351562,717.298880634839,693.7790319064774,705.546447885423,12504360
2024-12-16,716.4193725585938,720.3550484707322,711.2214050303072,713.8750745502272,7960740
2024-12-17,710.8934326171875,721.2892457691507,706.6396514490644,715.5844571636095,10318560
2024-12-18,703.1065063476562,713.4775098902775,701.7100935805659,710.5158045496859,7275140
2024-12-19,687.612060546875,698.1371422372633,684.5608805717452,690.7377927037467,9076750
2024-12-20,680.625244140625,698.0924755661163,676.296910429089,687.095330523432,27000190
2024-12-23,682.4588623046875,693.411299689527,681.3904427930831,685.4703094309058,5829280
2024-12-24,676.644775390625,686.7623377176409,675.2335007409897,683.9795212743992,6014270
2024-12-26,677.3951416015625,681.5942068314215,675.83476260489,678.8511232785883,3290960
2024-12-27,686.5387573242188,693.3914315964618,678.8511471088848,680.4860783453122,5554180
2024-12-30,684.6006469726562,695.210168142737,682.2898933952665,685.7684289042008,4908760
2024-12-31,678.1156616210938,683.4825694238581,675.0346971874478,682.7818759768597,6153980
2025-01-01,689.27685546875,690.5340515699199,676.4260971937944,678.1156838285779,4187210
2025-01-02,734.388427734375,738.4434234105497,692.8248888709156,693.7193937288879,31716510
2025-01-03,736.1823120117188,745.400455239181,731.4117612303569,734.4430442828274,15059280
2025-01-06,730.4279174804688,755.3292573043357,727.1879001292994,745.400531924833,19059760
2025-01-07,730.8851318359375,740.1231122808318,725.6673280159109,730.9844943110259,10425380
2025-01-08,731.0291137695312,734.3138378347966,721.2196486160832,731.6701775735115,8444660
2025-01-09,723.281982421875,731.0291613513496,719.1623828865226,729.3445489309191,6681410
2025-01-10,724.3355102539062,732.1870868381571,720.0618926423277,723.2820132551371,8089630
2025-01-13,710.7095336914062,721.0607008212897,709.0249819380257,719.5599514378315,6642740
2025-01-14,729.001708984375,734.2691938632714,714.7049172967165,718.5661016983001,9980110
2025-01-15,713.33837890625,730.4925399584946,706.1626853860436,729.5483537950854,6817500
2025-01-16,721.5228271484375,724.429937683911,714.9931720224164,715.5844939800952,8608490
2025-01-17,713.8054809570312,724.0273798131597,711.2412862460816,717.6715787903673,6652740
2025-01-20,739.447265625,742.4189193313131,713.8054998204258,713.8054998204258,10679710
2025-01-21,724.6932983398438,743.909746289312,723.2969461913872,740.4312104015196,10032060
2025-01-22,735.1785888671875,737.474419942342,721.5824305931181,729.3992479941143,7273680
2025-01-23,739.7603149414062,747.7858057894387,728.0078215937472,729.597985062582,10302950
2025-01-24,739.2981567382812,745.8974505394998,729.329698703094,739.7603317495092,6796870
2025-01-27,725.0709228515625,742.8661464773663,721.54768015869,733.4840364742133,6928100
2025-01-28,755.9951171875,765.9536875174641,729.9955738156234,734.4679769227307,24789330
2025-01-29,771.206298828125,773.924511450252,752.2532413343686,761.029046289582,15149200
2025-01-30,785.3191528320312,820.0051467305362,780.1858499375447,780.1858499375447,56488830
2025-01-31,783.6743774414062,793.1707729771786,774.3220514263428,787.6398985815254,18335460
2025-02-01,795.1038208007812,806.0214389778673,773.666094986311,783.1674643353156,16153780
2025-02-03,837.4127807617188,838.7544774391274,787.2472891542758,787.3615741954295,43369260
2025-02-04,842.3372802734375,843.7933225325369,825.2079922244451,837.33318519866,19663000
2025-02-05,845.7264404296875,853.6028268693608,839.3706394577197,844.7872285257307,18674930
2025-02-06,845.5126953125,860.9673801111533,841.010508058519,848.191174922836,17094730
2025-02-07,842.22802734375,853.2351203824257,833.2484625229857,853.2351203824257,9665400
2025-02-10,823.5979614257812,843.5945670019648,816.9589350238671,842.6802260548585,12438380
2025-02-11,814.0966186523438,830.3861190729097,808.9434188704632,824.8105377995666,9630590
2025-02-12,816.3676147460938,823.3197117935968,797.578523952474,809.9671067816488,14837310
2025-02-13,835.7430419921875,844.5884246202698,814.6780171593816,814.6780171593816,18003130
2025-02-14,834.083251953125,840.3744490767868,823.1209269518953,835.6982863489014,8633150
2025-02-17,837.4921875,843.5945472454296,816.9837868378191,816.9837868378191,8627990
2025-02-18,841.3981323242188,842.7994585066715,830.9426290642929,837.8301220767972,8689770
2025-02-19,838.7694091796875,847.6695085089755,834.8485951055148,840.7272987914766,8961980
2025-02-20,834.7938842773438,840.3744395125794,829.446873301159,830.46063736798,7900700
2025-02-21,834.5205688476562,836.8661418623368,823.7172357606174,830.8730927103885,6086470
2025-02-24,830.3712158203125,834.7492307148926,826.0081234949291,827.6927359711995,3552600
2025-02-25,843.674072265625,847.4358332776582,828.6915106962595,830.3711488473276,10985410
2025-02-27,865.2012939453125,868.5407344705976,849.0211644154252,849.0211644154252,18382830
2025-02-28,847.7987060546875,861.6830040031357,845.7861003796137,861.186070321473,17545800
2025-03-03,857.4937744140625,859.7747435504854,838.635166602085,848.365105661526,8749960
2025-03-04,853.3294677734375,856.6440370663474,846.1438265853014,846.9935637177676,7655060
2025-03-05,824.7807006835938,844.7872554809699,817.0583318896664,840.3148523637177,16300920
2025-03-06,835.9269409179688,840.7918803410525,822.4798865712621,831.3700372857354,8814220
2025-03-07,835.2957763671875,841.8055949872813,831.514118606434,835.8324428661109,4729460
2025-03-10,829.1437377929688,858.4926074197267,827.4988583053935,838.600399647079,10164530
2025-03-11,828.9300537109375,832.3638822939756,816.0893048938993,825.4068110389812,8135670
2025-03-12,843.2417602539062,847.2222036981539,822.1817094501092,828.9946504740712,20882230
2025-03-13,836.8809814453125,850.7504167311477,834.1528205342469,844.7872128755555,12173510
2025-03-17,852.77294921875,857.7025531372367,833.4571396016174,834.7690517894611,11020850
2025-03-18,852.77294921875,852.77294921875,852.77294921875,852.77294921875,0
2025-03-19,867.80517578125,882.4548312583717,862.9352622348928,864.6645816925422,12898200
2025-03-20,862.64208984375,871.4278431326916,848.8769908298905,867.1492515262393,7924330
2025-03-21,886.1420288085938,903.3260336366491,877.684208188832,898.4510853028386,27448010
2025-03-24,903.4303588867188,905.9100529720466,887.2253596781331,904.0167066294846,14332170
2025-03-25,901.164306640625,920.3260973722652,892.1996648110484,906.9039145835608,17482600
2025-03-26,881.167724609375,907.0927757475704,879.5676127668488,904.6230299913868,8862110
2025-03-27,894.8632202148438,899.9865746118563,876.8145560445273,880.6657918389074,20920440
2025-03-28,889.0739135742188,897.3528450203148,880.6657745285638,894.2420355740359,9770990
2025-04-01,864.4857177734375,887.0266223080821,861.7823669999043,872.9435387462231,11834240
2025-04-02,861.6084594726562,870.6128954379398,855.9185930314133,867.6462158906634,6464950
2025-04-03,854.189208984375,871.1246858886759,840.8316300852158,859.6952119722814,13966330
2025-04-04,866.5380249023438,874.3051004964104,853.1158417860235,860.2915347763417,18496580
2025-04-07,851.5455322265625,854.7756011098094,825.6205412588924,828.88536880857,13981240
2025-04-08,876.8145751953125,881.8584639941574,859.6952348126595,859.6952348126595,14775630
2025-04-09,868.22265625,878.777522649901,857.2105890313766,876.0940686738069,10487740
2025-04-11,886.6389770507812,891.8468322003135,875.6667034684273,877.0929006731593,10097220
2025-04-15,908.494140625,923.3027887344896,901.9843214695372,919.8739341683755,12633610
2025-04-16,900.0960083007812,911.5254830608089,890.9027351242372,909.338962713677,7198220
2025-04-17,910.6309204101562,913.3640555055209,889.7100257214428,898.4560458944406,11415130
2025-04-21,921.662841796875,925.7874154699099,908.5438416039183,911.3763392226595,7824150
2025-04-22,920.370849609375,933.5395920294122,917.3395663165552,923.7997041075168,11293580
2025-04-23,926.5824584960938,929.1168079429251,909.3885665824954,922.5076268883136,10818710
2025-04-24,924.39599609375,960.0758581506445,921.61317965157,956.1003887587165,18496710
2025-04-25,905.6119384765625,928.7193542881375,893.486744714233,925.340181044901,10893540
2025-04-28,903.7235717773438,906.9039594385034,894.5302987638576,902.4315563508615,9946560
2025-04-29,903.7235717773438,908.9910566150634,890.5051481171497,907.4008931149081,11768180
2025-04-30,858.15478515625,883.3492984982109,850.3528899743571,878.5787472966435,39690570
2025-05-02,881.4111938476562,886.0327010732856,851.3467079166783,852.2908939871758,18933030
2025-05-05,887.7223510742188,897.7603872927656,881.1627900057229,882.3057617507878,8930610
2025-05-06,874.3547973632812,891.8965802788989,869.6339274712942,885.6351674724266,12040870
2025-05-07,893.138916015625,894.232145833438,866.9504750148244,869.633928985005,11635570
2025-05-08,877.8333129882812,901.8849143356405,872.1185758813663,892.1947079369587,12018090
2025-05-09,859.9691162109375,873.9021887339279,856.3863504309473,860.8648380276228,12151340
2025-05-12,897.5386352539062,898.683161916931,878.3309120482104,880.6697141980056,10638220
2025-05-13,899.87744140625,911.9693213122264,894.8017857507431,896.0956196341344,13363000
2025-05-14,903.7587890625,906.6946986887787,896.8918110693861,900.1760232176907,7594000
2025-05-15,914.4573974609375,917.0947533876722,898.484136910891,905.5999805101645,10385000
2025-05-16,912.3176879882812,924.1607630754637,908.9836663627398,914.4573733738861,6251920
2025-05-19,921.1253662109375,924.5091366985775,912.3176982188571,912.3176982188571,7162740
2025-05-20,903.5597534179688,926.5492981730328,902.5645339784703,925.3550226969597,8106160
2025-05-21,915.3530883789062,923.5636488346017,898.5338553904952,905.6496987494479,7321500
2025-05-22,909.5310668945312,915.5023835107727,902.7137773116312,915.3530762980172,6159740
2025-05-23,919.9310913085938,924.2105836173697,906.7444333524313,909.5310964586229,4251690
2025-05-26,922.5186767578125,929.1866591884672,920.5779866912479,921.0755964137837,5476790
2025-05-27,912.7157592773438,924.5588953667985,909.9291568867003,922.5684564101424,7150000
2025-05-28,922.3196411132812,925.0067458230633,909.7300905574115,920.0803973123589,6507400
2025-05-29,916.0,923.5138946489728,911.6210101517032,920.5779851422767,7081750
2025-05-30,918.0499877929688,920.3499755859375,912.0999755859375,917.0,15041740
2025-06-02,911.8499755859375,916.5,904.0,913.0,6619630
2025-06-03,897.9000244140625,912.7999877929688,897.0,910.5999755859375,9080270
2025-06-04,898.7000122070312,903.9500122070312,896.4500122070312,897.5,5544930
2025-06-05,893.4000244140625,898.7000122070312,886.9500122070312,898.7000122070312,7853320
2025-06-06,937.1500244140625,943.4000244140625,887.5999755859375,894.5,19783860
2025-06-09,960.75,978.7999877929688,940.2999877929688,955.0,23496010
2025-06-10,949.75,970.0,948.5499877929688,970.0,9044040
2025-06-11,942.5,957.0,940.4000244140625,949.0,11860810
2025-06-12,936.8499755859375,953.2999877929688,935.5,944.9000244140625,12388330
2025-06-13,933.0999755859375,936.5499877929688,914.7000122070312,915.0,10182020
2025-06-16,938.0,956.0,925.0,956.0,7016290
2025-06-17,923.0,943.5,917.5,941.5,6110175
2025-06-18,919.0,932.5,915.0,927.0,5002923
2025-06-19,900.5,922.5,894.0,919.0,6585940
2025-06-20,905.0,907.5,886.0,897.0,14320241
2025-06-23,915.5,918.0,890.5,899.0,5870597
2025-06-24,916.5,936.0,914.5,920.0,11555634
2025-06-25,928.0,930.0,916.0,918.0,6623799
2025-06-26,951.5,953.5,928.5,930.0,11677790
2025-06-27,947.0,959.5,936.0,950.0,21637194
2025-06-30,936.5,956.0,934.0,956.0,6086081
2025-07-01,936.6500244140625,941.7999877929688,928.0,932.5,5381327
2025-07-02,923.0,939.8499755859375,914.0,933.0,9394493
2025-07-03,910.1500244140625,924.5,905.2000122070312,922.0,7606558
2025-07-04,925.2999877929688,940.7000122070312,919.0,922.0,10613046
2025-07-07,924.6500244140625,929.2999877929688,918.0999755859375,925.0,3383973
2025-07-08,927.6500244140625,929.5,918.7999877929688,918.7999877929688,3851432
2025-07-09,940.5999755859375,946.0,924.0,926.5,5341529
2025-07-10,947.6500244140625,951.7000122070312,942.25,943.0,5409906
2025-07-11,933.5,947.1500244140625,931.5499877929688,938.7000122070312,4278038
2025-07-14,918.8499755859375,932.0,911.2999877929688,932.0,6657978
2025-07-15,928.4000244140625,930.5999755859375,918.0,919.0,3892075
2025-07-16,921.75,927.0,919.4000244140625,924.0,3952491
2025-07-17,923.2999877929688,926.25,916.0,925.9500122070312,4583882
2025-07-18,942.0,944.9000244140625,920.0,920.5,7893820
2025-07-21,948.4500122070312,951.0,937.3499755859375,938.9000244140625,4660232
2025-07-22,952.5499877929688,962.0,940.0,955.0,6237382
2025-07-23,968.2999877929688,970.9500122070312,953.6500244140625,954.0,9694991
2025-07-24,958.9500122070312,970.0,954.0,970.0,5189112
2025-07-25,913.75,924.9000244140625,898.0,906.4000244140625,24415481
2025-07-28,880.5,913.75,879.0,909.25,14011284
2025-07-29,886.5499877929688,894.0,873.5,875.0499877929688,11323854
2025-07-30,884.8499755859375,892.5999755859375,875.0,890.9500122070312,5054496
2025-07-31,881.2000122070312,887.8499755859375,868.0,872.0,6999179
2025-08-01,875.5999755859375,895.8499755859375,873.0,884.7999877929688,5300299
2025-08-04,885.2999877929688,886.75,873.7000122070312,874.0,3969985
2025-08-05,891.9000244140625,893.5999755859375,882.4000244140625,889.0,4446791
2025-08-06,876.6500244140625,895.5,874.5999755859375,888.0,4212648
2025-08-07,879.0999755859375,882.0,867.25,871.0,5998002
2025-08-08,877.1500244140625,888.2999877929688,876.0,877.0,3736916
2025-08-11,877.7999877929688,888.2999877929688,872.75,877.1500244140625,5367926
2025-08-12,853.0,884.9000244140625,851.5,877.2000122070312,8257312
2025-08-13,860.0,864.0,849.0,854.5499877929688,10117225
2025-08-14,861.4500122070312,866.9000244140625,855.4500122070312,860.0,5379250
2025-08-18,905.2000122070312,919.6500244140625,875.0,875.0,16277779
2025-08-19,902.2999877929688,909.9000244140625,890.5,905.9500122070312,5764382
2025-08-20,887.7999877929688,902.0,886.0499877929688,900.5499877929688,5561646
2025-08-21,895.5999755859375,901.2999877929688,884.0,888.0,6697533
2025-08-22,894.5,903.9000244140625,892.0,895.0,6424895
2025-08-25,900.7999877929688,908.0,898.1500244140625,902.0999755859375,5837876
2025-08-26,876.25,901.9000244140625,873.5,899.9500122070312,6712926
2025-08-28,876.8499755859375,884.5,869.7000122070312,870.2000122070312,8349342
2025-08-29,877.8499755859375,888.0,870.8499755859375,870.8499755859375,5672446
2025-09-01,889.3499755859375,894.7999877929688,877.8499755859375,877.8499755859375,4101526
2025-09-02,890.0999755859375,899.5499877929688,886.1500244140625,895.0,6103185
2025-09-03,896.2999877929688,898.8499755859375,880.0499877929688,892.7000122070312,5493809
2025-09-04,934.75,948.0,912.25,915.0,21738706
2025-09-05,937.5999755859375,942.3499755859375,932.0,942.0,5467260
2025-09-08,944.2999877929688,949.6500244140625,935.6500244140625,937.5999755859375,5657331
2025-09-09,948.4000244140625,949.4000244140625,940.0,944.0,5417393
2025-09-10,967.9500122070312,969.6500244140625,947.7000122070312,951.0499877929688,6836239
2025-09-11,970.25,975.9000244140625,965.5999755859375,968.0,5982627
2025-09-12,1003.25,1004.5999755859375,970.8499755859375,972.25,11412561
2025-09-15,1009.8499755859375,1025.699951171875,998.0999755859375,999.0,9989753
2025-09-16,1003.25,1015.2999877929688,1000.0,1005.8499755859375,7602155
2025-09-17,1007.5,1011.7999877929688,1000.3499755859375,1010.0,6995023
2025-09-18,996.5,1009.7999877929688,990.0,1007.0,9738376
2025-09-19,992.4500122070312,996.0,988.5999755859375,991.0,6736440
2025-09-22,1006.5,1010.9000244140625,989.0,989.9500122070312,4250045
2025-09-23,1025.5,1028.800048828125,999.0,999.0,10230040
2025-09-24,1029.75,1036.0,1020.4000244140625,1021.5,6433184
2025-09-25,1012.75,1031.0999755859375,1008.0,1020.0,16731453
2025-09-26,985.0999755859375,1010.5,981.0499877929688,1008.0499877929688,9109737
2025-09-29,990.9500122070312,997.7999877929688,981.0999755859375,990.0,5804877
2025-09-30,998.9000244140625,1002.2999877929688,989.4500122070312,990.0,7182200
2025-10-01,987.7000122070312,1000.0,977.75,991.5,6932272
2025-10-03,989.75,992.2000122070312,972.0,975.0,7692197
2025-10-06,1008.9000244140625,1023.0,992.0999755859375,993.0,9299635
2025-10-07,1016.5499877929688,1029.5,1008.9000244140625,1008.9000244140625,7991437
2025-10-08,1023.1500244140625,1028.0,1012.0499877929688,1012.0499877929688,4448915
2025-10-09,1024.0999755859375,1029.0,1014.9500122070312,1023.0,4444154
2025-10-10,1023.8499755859375,1027.5,1017.0,1018.0999755859375,3714548
2025-10-13,1036.75,1040.0,1021.5,1023.8499755859375,7684523
2025-10-14,1019.1500244140625,1042.0999755859375,1011.3499755859375,1040.0,7668358
2025-10-15,1059.9000244140625,1063.0,1018.4000244140625,1026.0,10205158
2025-10-16,1065.75,1081.0999755859375,1058.8499755859375,1062.0,9901992
2025-10-17,1070.0999755859375,1076.449951171875,1056.0999755859375,1056.0999755859375,5761670
2025-10-20,1081.0,1086.5,1072.199951171875,1081.5,5700858
2025-10-21,1086.5,1089.0,1081.0,1084.9000244140625,911624
2025-10-23,1094.1500244140625,1102.5,1083.9000244140625,1090.0,11143407
2025-10-24,1089.75,1098.5999755859375,1087.4000244140625,1093.5,6440277
2025-10-27,1084.4000244140625,1094.0,1075.75,1090.949951171875,7366175
2025-10-28,1072.75,1092.4000244140625,1063.050048828125,1078.0,12324341
2025-10-29,1062.949951171875,1079.1500244140625,1061.25,1072.0,5386803
2025-10-30,1052.300048828125,1066.800048828125,1045.0,1063.0,4271927
2025-10-31,1042.800048828125,1069.449951171875,1041.4000244140625,1052.0,5315632
2025-11-03,1043.0999755859375,1048.0,1031.0,1037.0,4135617
2025-11-04,1057.0,1060.4000244140625,1035.0,1040.0,6202540
2025-11-06,1041.9000244140625,1052.800048828125,1035.0,1037.0,5776277
2025-11-07,1066.5999755859375,1076.9000244140625,1034.199951171875,1039.0,6940923
2025-11-10,1085.0,1088.0,1062.9000244140625,1066.5999755859375,5692236
2025-11-11,1005.2000122070312,1043.699951171875,997.0,1043.699951171875,23762890
2025-11-12,1013.2000122070312,1018.4000244140625,1008.7999877929688,1011.0,11131278
2025-11-13,1005.4000244140625,1019.4000244140625,1003.5,1012.5,8503994
2025-11-14,1018.5,1019.9000244140625,1002.5999755859375,1004.9000244140625,4381122
2025-11-17,1026.800048828125,1033.0,1017.0,1021.0,6011603
2025-11-18,1013.5999755859375,1024.0999755859375,1011.7000122070312,1021.2000122070312,4562185
2025-11-19,1005.5999755859375,1016.0999755859375,1004.5999755859375,1009.0,5158832
2025-11-20,1028.5999755859375,1031.699951171875,1007.2999877929688,1015.0,5459073
2025-11-21,1004.0999755859375,1027.5999755859375,1001.5,1020.0,6304584
2025-11-24,994.0,1009.2999877929688,990.0,1005.0,9574900
2025-11-25,986.2000122070312,996.9000244140625,984.5,995.0,6376983
2025-11-26,1010.7000122070312,1012.7999877929688,981.2999877929688,986.2000122070312,9772235
2025-11-27,1033.800048828125,1044.9000244140625,1010.9000244140625,1015.5999755859375,12076038
2025-11-28,1037.5,1043.5,1031.0,1038.0,4983147
2025-12-01,1021.0999755859375,1042.0,1018.7999877929688,1041.9000244140625,6459837
2025-12-02,1025.5,1036.0,1013.9000244140625,1014.5,6706145
2025-12-03,1021.4000244140625,1026.300048828125,1014.2000122070312,1021.0,5895670
2025-12-04,1029.0999755859375,1032.300048828125,1016.0,1018.0,5404918
2025-12-05,1048.0,1061.0,1026.5,1028.9000244140625,13123572
2025-12-08,1026.4000244140625,1049.800048828125,1023.0,1048.0,5189635
2025-12-09,1016.7000122070312,1026.0,1013.7000122070312,1025.0,5968501
2025-12-10,1010.2999877929688,1021.7000122070312,1007.2999877929688,1016.0,4990527
2025-12-11,1006.4000244140625,1020.5,1000.0999755859375,1011.9000244140625,4670539
2025-12-12,1017.2999877929688,1020.7999877929688,1000.0,1000.0,4381711
2025-12-15,1012.7000122070312,1016.5,1008.0,1015.0,3958977
2025-12-16,998.4000244140625,1010.5999755859375,996.5,1007.5,3861617
2025-12-17,999.5999755859375,1011.2000122070312,995.2999877929688,1000.0,4695550
2025-12-18,1000.2999877929688,1009.7000122070312,995.0,1002.0999755859375,3103997
2025-12-19,1008.2999877929688,1014.0,1002.5,1003.2000122070312,5126009
2025-12-22,1007.7999877929688,1015.4000244140625,1005.0,1008.2999877929688,3921237
2025-12-23,1011.4000244140625,1018.0,1005.7000122070312,1013.5,4712043
2025-12-24,1011.7000122070312,1037.4000244140625,1006.0,1011.0,5984816
2025-12-26,1000.0,1011.7000122070312,998.0,1011.7000122070312,5211460
2025-12-29,998.0,1003.9000244140625,989.5999755859375,1003.0,6715489
2025-12-30,989.2999877929688,997.5999755859375,987.0999755859375,994.0999755859375,7473887
2025-12-31,986.7999877929688,994.2000122070312,978.4000244140625,990.0,9895270
2026-01-01,973.0999755859375,989.0,969.0,988.2000122070312,7118751
2026-01-02,990.4500122070312,994.2000122070312,960.5999755859375,972.9000244140625,6206869
2026-01-05,978.75,999.1500244140625,975.0,979.7000122070312,10564157
2026-01-06,977.3499755859375,987.0,973.2999877929688,978.0,8380183
2026-01-07,968.7999877929688,976.4500122070312,965.0499877929688,973.0499877929688,7048491
2026-01-08,971.9500122070312,978.3499755859375,965.2999877929688,968.5,4410256
2026-01-09,959.5999755859375,983.0,953.7000122070312,970.0999755859375,7598970
2026-01-12,951.9000244140625,961.4000244140625,939.8499755859375,958.7999877929688,5640136
2026-01-13,949.0,955.8499755859375,939.0,950.0,6765116
2026-01-14,945.9500122070312,953.9000244140625,943.1500244140625,947.0,4452202
2026-01-15,945.9500122070312,945.9500122070312,945.9500122070312,945.9500122070312,0
2026-01-16,950.25,963.0,936.7999877929688,940.2000122070312,10710080
2026-01-19,969.4500122070312,972.9000244140625,948.8499755859375,950.5,7000442
2026-01-20,933.2000122070312,975.7000122070312,927.9000244140625,975.7000122070312,9001207
2026-01-21,936.25,947.2999877929688,921.0,925.0,5375254
2026-01-22,942.8499755859375,947.0,934.25,947.0,5518756
2026-01-23,927.8499755859375,951.4000244140625,926.2999877929688,942.8499755859375,6535035
2026-01-27,914.7000122070312,931.9500122070312,907.7000122070312,930.0,15312488
2026-01-28,935.1500244140625,936.9000244140625,914.7000122070312,914.7000122070312,6046468
2026-01-29,935.1500244140625,939.7999877929688,923.7000122070312,935.1500244140625,6430445
2026-01-30,929.8499755859375,938.0,925.1500244140625,928.3499755859375,10151379
2026-02-02,903.7000122070312,909.4000244140625,887.0,887.0,11874989
2026-02-03,964.4000244140625,972.7999877929688,941.9000244140625,960.0,15261370
2026-02-04,963.2999877929688,975.7000122070312,944.1500244140625,965.0,17489015
2026-02-05,964.75,968.5,953.0,964.0,6020258
2026-02-06,981.7000122070312,986.5,966.0999755859375,973.9500122070312,13742927
2026-02-09,983.1500244140625,988.0,971.5999755859375,988.0,4852548
2026-02-10,965.5999755859375,985.1500244140625,961.2999877929688,983.1500244140625,6166752
2026-02-11,968.9500122070312,974.5,961.4000244140625,965.2999877929688,3597342
2026-02-12,999.0999755859375,1002.0,965.0,968.2999877929688,10346853
2026-02-13,1024.75,1032.0,992.7999877929688,995.0,21613987
2026-02-16,1012.75,1029.300048828125,1003.2999877929688,1023.0499877929688,4460636
2026-02-17,1014.1500244140625,1016.3499755859375,1004.0,1012.75,2913899
2026-02-18,1023.7999877929688,1025.699951171875,1007.0499877929688,1014.5499877929688,4929647
2026-02-19,1017.0499877929688,1024.5,1007.0,1024.0,9866245
2026-02-20,1030.199951171875,1036.5999755859375,1008.75,1015.9000244140625,6922705
2026-02-23,1031.0,1046.0,1029.050048828125,1032.449951171875,9452225
2026-02-24,1023.5499877929688,1028.75,1010.2999877929688,1026.300048828125,6610984
2026-02-25,1021.0499877929688,1034.0,1013.4000244140625,1028.0,3182612
2026-02-26,1012.9500122070312,1031.199951171875,1006.0499877929688,1020.75,4336261
2026-02-27,995.9000244140625,1014.9000244140625,993.0999755859375,1008.9500122070312,8145772
2026-03-02,978.25,990.4000244140625,968.0,971.0,8493269
2026-03-04,945.0999755859375,967.0,941.2999877929688,967.0,8964293
2026-03-05,962.4000244140625,968.25,945.9000244140625,958.0,6181254
2026-03-06,950.2000122070312,961.5,946.5999755859375,960.0,6560051
2026-03-09,938.0499877929688,941.0999755859375,909.0499877929688,921.7999877929688,9182152
2026-03-10,939.7999877929688,952.1500244140625,931.8499755859375,950.0,8474956
2026-03-11,893.6500244140625,941.25,890.0,932.2000122070312,11172537
2026-03-12,863.0999755859375,888.2000122070312,858.3499755859375,880.0999755859375,15508258
2026-03-13,855.0499877929688,868.3499755859375,848.7999877929688,861.0,6668639
2026-03-16,878.1500244140625,881.9000244140625,850.0999755859375,850.0999755859375,8982957
2026-03-17,868.5999755859375,881.0499877929688,859.5499877929688,878.1500244140625,7941385
2026-03-18,880.0999755859375,893.9500122070312,858.2000122070312,876.0999755859375,12375517
2026-03-19,832.2000122070312,869.9000244140625,826.7000122070312,868.2000122070312,11585591
2026-03-20,830.5499877929688,841.9500122070312,819.25,836.7000122070312,14881843
2026-03-23,812.5999755859375,818.7999877929688,787.9000244140625,818.0999755859375,15835828
2026-03-24,849.0,854.0,817.5999755859375,830.0,18828248
2026-03-25,882.75,888.7999877929688,853.2999877929688,862.0499877929688,15995501
2026-03-27,843.7999877929688,875.1500244140625,841.25,875.0,11282824
2026-03-30,801.5499877929688,834.9000244140625,799.0,831.0,20377282
2026-04-01,817.2999877929688,842.0499877929688,814.7999877929688,832.7999877929688,15094026
2026-04-02,826.8499755859375,830.0499877929688,792.4500122070312,809.0,9113618
2026-04-06,850.8499755859375,853.0,814.25,828.9000244140625,12504591
2026-04-07,855.0999755859375,862.7999877929688,844.4500122070312,848.0,11569047
2026-04-08,915.0499877929688,926.0,881.0,890.0,13826150
2026-04-09,903.25,913.4000244140625,891.4000244140625,902.0,9457820
2026-04-10,924.5499877929688,927.2999877929688,912.2999877929688,915.75,9491544
2026-04-13,898.9500122070312,905.9000244140625,881.0999755859375,896.1500244140625,10723313
2026-04-15,913.1500244140625,925.0,911.0999755859375,925.0,5975197
2026-04-16,905.9000244140625,932.5999755859375,904.0,919.0,11805227
2026-04-17,908.25,910.4500122070312,895.7999877929688,902.1500244140625,6035241
2026-04-20,917.75,920.9000244140625,898.0,908.25,6184179
2026-04-21,938.8499755859375,945.9500122070312,919.0,919.5,6713975
2026-04-22,934.75,946.3499755859375,930.1500244140625,938.0,5759028
2026-04-23,918.3499755859375,929.8499755859375,909.3499755859375,926.0999755859375,9143598
2026-04-24,921.5499877929688,924.7000122070312,909.7999877929688,920.0,3982355
2026-04-27,921.7999877929688,928.9500122070312,908.2999877929688,923.0499877929688,7813458
2026-04-28,923.6500244140625,929.9000244140625,914.3499755859375,921.7999877929688,7119135
2026-04-29,930.0,937.0,916.5999755859375,925.0,5438997
2026-04-30,937.0,975.0,933.9000244140625,945.0,27364272
2026-05-01,937.0,937.0,937.0,937.0,0
2026-05-04,950.2000122070312,966.0,938.0999755859375,938.0999755859375,7503756
2026-05-05,958.5999755859375,961.0999755859375,933.1500244140625,950.2000122070312,7290077
2026-05-06,980.75,984.0,965.0,965.0,7771237
2026-05-07,972.75,992.25,969.0,992.25,7873561
2026-05-08,955.3499755859375,971.9500122070312,951.0,971.0,5555386
