Date,Close,High,Low,Open,Volume
2021-05-10,333.7466125488281,338.63699936872405,331.07071182492035,332.6393413417576,41739324
2021-05-11,336.4686279296875,338.0833821014484,327.33373853268404,329.27144917061275,41892770
2021-05-12,339.28289794921875,344.63464285305236,333.9311248863098,334.76156417703226,53436590
2021-05-14,332.59320068359375,343.71192414741705,331.7627332389305,341.4051327101861,51722170
2021-05-17,353.4927062988281,355.4304166328113,335.5458586270196,336.23789602065114,106555796
2021-05-18,352.70843505859375,362.2124051712965,350.67844719030916,359.8594890068059,70917710
2021-05-19,354.6922607421875,359.3981211047713,351.73958447322957,352.47774650069994,48189573
2021-05-20,354.8306884765625,357.8295176903335,352.4777722032351,357.0913556090366,42898608
2021-05-21,370.19390869140625,373.1465848960827,348.78687245189263,359.8594715773495,192810772
2021-05-24,380.2053527832031,386.8027988098804,373.9770159131239,384.7728110848912,142964052
2021-05-25,380.4822082519531,383.3887600064684,376.9297435924003,383.0196789860513,56048127
2021-05-26,381.5894470214844,386.38758471017263,379.05197631592506,381.8201261765352,52357719
2021-05-27,392.339111328125,395.9377004523106,380.15924089033814,381.7278703809433,73392997
2021-05-28,389.4324951171875,400.13601235667306,387.5870620813822,397.2294609570944,65137568
2021-05-31,391.5548095703125,393.07728638576594,385.69555330809897,388.46370321222406,38291043
2021-06-01,399.12103271484375,401.70465595207486,392.70816958335416,393.1233751356966,59299647
2021-06-02,403.45782470703125,404.1037375768247,395.98381477532604,397.506291500896,38657806
2021-06-03,409.4177551269531,411.55961421151557,403.6906614613134,406.9499862943344,38909199
2021-06-04,403.7837829589844,411.51302747554973,402.0609913250829,407.4155963050927,36898769
2021-06-07,402.526611328125,407.32246926106285,401.1763082625826,405.1806386250888,20201197
2021-06-08,397.8238830566406,402.75942065894253,394.8439175939691,402.52661174526685,31113823
2021-06-09,392.46923828125,402.57312137591043,389.4427227100807,398.1032020538051,27784834
2021-06-10,402.526611328125,403.5043973969269,393.3539344549972,395.6820235893415,27397712
2021-06-11,400.0588073730469,405.5530915634597,396.0079269514609,404.947794125534,26831924
2021-06-14,400.75726318359375,402.7128637105549,388.04590238693095,397.6376181071387,30106015
2021-06-15,399.9656982421875,403.0387644163562,398.56884481410066,399.6863389241924,16413658
2021-06-16,396.6598205566406,402.9922113547311,395.77513535704384,398.5688421948583,19701175
2021-06-17,391.35174560546875,396.6597996856452,387.9527414821173,392.05017227817336,23048331
2021-06-18,384.5071716308594,394.750763179567,374.96200677865454,394.750763179567,45748727
2021-06-21,390.88616943359375,392.05021401201424,372.9598829259185,378.40761723673774,33128978
2021-06-22,389.8617858886719,396.19420514407733,388.60461212024865,393.91266651178864,28442965
2021-06-23,390.04803466796875,395.542318994917,386.4627719432385,392.14331475681763,27564829
2021-06-24,388.5115051269531,393.6798513584784,387.6733703486039,391.4448915940095,19214547
2021-06-25,399.3138427734375,401.3625726091348,390.23429501719835,392.0502159360691,29886797
2021-06-28,397.40478515625,403.36468720530377,395.3560555054559,401.08317707774927,29370660
2021-06-29,392.5157775878906,399.4534936839337,391.6310924629538,398.1031907919887,22275961
2021-06-30,390.3739929199219,395.68201903367907,389.5358581059623,393.91267699575997,18337773
2021-07-01,391.4914245605469,394.5645189664188,388.4649089842049,391.39829532054097,16161469
2021-07-02,395.2164001464844,396.1476357869893,390.187733371569,391.39832833660284,16423811
2021-07-05,402.89910888671875,404.62190056834714,395.076734904767,397.1720151723822,16483761
2021-07-06,400.198486328125,406.48432642751965,398.75508256181166,402.0144070577941,20195278
2021-07-07,403.0853576660156,404.15627298204146,398.14979165881005,399.82603288390237,14473774
2021-07-08,395.262939453125,405.4599516455055,393.074530232971,403.0387335385064,21433043
2021-07-09,394.6111145019531,398.1032482586076,392.09676682953904,395.7751590875046,16844494
2021-07-12,398.0566711425781,400.6641194716922,395.402643981732,397.17198594927765,12886781
2021-07-13,399.59320068359375,402.1075197461188,398.8481951539509,400.43130703776876,12831125
2021-07-14,401.4090881347656,402.57313261772117,397.078848341982,399.5000665503404,12767351
2021-07-15,402.0144348144531,403.17847935767423,400.1053847121368,402.94567044903,11030732
2021-07-16,400.4313049316406,402.7593939138013,398.0566655374587,402.2937761173692,8713863
2021-07-19,398.4757080078125,399.9191402408816,390.04803718588283,394.285147803063,14426686
2021-07-20,391.95703125,397.6375737009673,390.0945601788011,397.6375737009673,14623321
2021-07-22,393.0279541015625,397.3582221618421,391.9570388985362,396.2872785397621,11799761
2021-07-23,399.4069519042969,400.3847663571468,390.65334275637986,393.8195381819172,17704661
2021-07-26,394.1920471191406,398.3826076275045,393.26081145061534,398.3826076275045,14037519
2021-07-27,400.3847351074219,403.45780104725793,394.8438722308999,394.9835518792463,24119619
2021-07-28,396.2407531738281,400.8969312369754,392.09674333000487,400.4313134306606,17636515
2021-07-29,411.1870422363281,413.0960921490173,396.24072315361906,396.7063409246574,35263606
2021-07-30,402.1075439453125,413.841118867065,401.08320746137264,411.1405411548423,35196813
2021-08-02,404.994384765625,406.67062601298704,402.1075485221602,404.8547050997758,16926025
2021-08-03,415.79669189453125,417.1004160397289,403.7837584396201,405.04093217283224,40922962
2021-08-04,425.5281066894531,435.30608021145605,411.1405057108842,417.79883437777056,129761158
2021-08-05,411.46649169921875,430.69650284514165,408.2537172292914,429.2996493224006,58595639
2021-08-06,405.6927795410156,416.2623091828245,404.15624649965514,413.18924310010345,38236066
2021-08-09,403.5975341796875,411.4199081332858,401.3625742528105,407.78809469972845,22196404
2021-08-10,397.1253967285156,406.3911730510808,392.7020280323865,404.5287020211317,27794251
2021-08-11,398.6153869628906,403.13188530387487,394.0523382095576,400.24504926187063,23827946
2021-08-12,397.77728271484375,400.8503772606362,395.77513184929956,400.431309871056,16847144
2021-08-13,401.548828125,402.5266142007799,395.7751556629993,398.19637406380787,20908992
2021-08-16,395.6354675292969,404.1562679556096,394.84391155110245,400.43132539380673,17608693
2021-08-17,392.5157775878906,396.56665784467236,386.69555550028844,395.635422310656,22957877
2021-08-18,390.8395690917969,395.16980868656,389.25645729975065,393.1210791226241,17668574
2021-08-20,378.7335510253906,388.6512050351009,377.2901187133971,386.46279556915096,25541790
2021-08-23,381.3409729003906,384.60029745509485,373.6582793071593,382.83095552349494,26559937
2021-08-24,388.8840026855469,389.9549179704905,380.130393494319,381.340988439202,19012313
2021-08-25,387.6268005371094,392.32952873155966,385.8108798336383,390.18769831843565,16410980
2021-08-26,382.5050354003906,387.20776396891415,381.80660867720064,385.99716901634065,15897679
2021-08-27,384.088134765625,385.857476722634,379.47850717586664,382.13253432090767,15090541
2021-08-30,393.63330078125,394.192019407842,385.06592186547226,385.9040282244156,20308691
2021-08-31,396.7529296875,397.637614905615,389.9083705268286,394.70422834831925,26262421
2021-09-01,400.33819580078125,402.80596456203665,395.91482651245417,398.10323594943776,18776721
2021-09-02,400.198486328125,403.6906197166776,398.33601518756365,401.7350193352773,14372717
2021-09-03,401.73504638671875,404.4356240385694,398.75510941259455,401.595366725582,14233624
2021-09-06,401.4090881347656,404.0165648280189,400.4778525484012,402.29377330943373,10694099
2021-09-07,399.59320068359375,402.01441892158664,395.86825829254474,401.4090930477971,14928735
2021-09-08,401.6884765625,405.45996932623007,397.9635342105474,399.50006724691684,22817464
2021-09-09,402.5731506347656,403.97000407682805,400.4313200578923,400.6641289649027,9662128
2021-09-13,403.0853576660156,403.97001448401227,399.3138362238505,400.52445962292666,9567921
2021-09-14,403.2250061035156,406.71713952819965,402.5265794185788,405.0874772633471,9981562
2021-09-15,413.32891845703125,414.39983369174956,401.781602932353,403.2250067157923,22181568
2021-09-16,431.81396484375,434.04892462973123,412.3045673960655,414.2601678659449,42637448
2021-09-17,422.87408447265625,439.45006650393645,419.38195103187627,435.81825340933625,41529478
2021-09-20,407.3690490722656,422.3153699829822,405.69280784008316,418.4972981096885,18376916
2021-09-21,408.62615966796875,411.00082743986803,402.89906655536015,409.88333338026194,17279588
2021-09-22,408.67279052734375,412.351154471994,406.11189236551235,408.7193409444811,14321143
2021-09-23,418.8697509765625,420.1269246887519,411.6526752580933,411.97861339370604,20516770
2021-09-24,410.4421081542969,420.8253798520407,409.7436814245959,420.08040270798216,10731274
2021-09-27,415.8898010253906,419.5681643850629,411.8389207116295,414.30668922767364,11746892
2021-09-28,414.3067321777344,424.4571950097488,409.37119463399216,418.31106249687934,19241170
2021-09-29,428.3683776855469,430.5102082063525,408.90555925277545,411.4664571628521,38635938
2021-09-30,421.8497314453125,432.93142952353054,420.3597487850941,428.3218303042038,26530369
2021-10-01,420.5925598144531,424.22437302899965,413.28235455317855,417.6591733111292,14777309
2021-10-04,431.3017578125,432.46580229996715,420.54599811592595,422.5946993624351,16246765
2021-10-05,432.7452087402344,436.74951058264475,427.1577949587933,430.23086117096346,16487568
2021-10-06,425.76092529296875,438.6119651330672,422.45502188012944,433.0245515644931,19056690
2021-10-07,426.41278076171875,432.0933236748763,425.66780364024635,430.3239816970877,9984651
2021-10-08,426.5058898925781,432.0933032972844,423.0137565146367,430.13770292182636,16521128
2021-10-11,436.9823303222656,442.2903849138349,427.11122671322033,428.368400529019,20686981
2021-10-12,449.7867736816406,451.0904977766172,435.91136957692873,437.68071145004365,33763609
2021-10-13,448.57623291015625,452.7202145837878,445.130649568883,452.7202145837878,17638983
2021-10-14,456.8641662597656,459.93723220543535,448.8555348504082,448.8555348504082,23431826
2021-10-18,463.7087707519531,466.54902791756194,457.8885483477919,460.0303788249014,20084248
2021-10-19,454.6292419433594,469.52901189258466,450.0196142476955,465.94374906474116,20645100
2021-10-20,465.5246887207031,472.60208523762964,449.8799414045972,455.1879674779999,34080545
2021-10-21,468.3649597167969,471.6708347526732,457.9351095550386,470.18085209827126,20808243
2021-10-22,468.3649597167969,473.71956445485785,465.6178033096478,469.90149278390766,24080485
2021-10-25,471.67083740234375,480.0054074960291,463.6156550436469,471.67083740234375,35619415
2021-10-26,477.3047790527344,482.56628274764023,472.6951800421617,472.6951800421617,21107457
2021-10-27,483.45098876953125,490.62145748273514,477.4910581413476,478.37574333682795,29463032
2021-10-28,466.875,484.75470747408866,463.3828663036088,483.8700222367135,28140401
2021-10-29,467.61993408203125,477.3979359503363,454.8154450413455,467.0146366475551,31355893
2021-11-01,480.23822021484375,481.40226473890624,466.54904524424654,473.5333123886215,20679604
2021-11-02,485.82562255859375,488.898688662565,476.83917630793303,479.4000742009274,26797820
2021-11-03,491.3664855957031,505.0090529917581,479.7725910429911,487.9674529306937,80775924
2021-11-04,493.97393798828125,499.0491834026233,491.7389498012704,494.95172400580697,9796046
2021-11-08,487.26904296875,497.6988933831952,480.93665205794434,497.6988933831952,36802110
2021-11-09,492.7633361816406,495.41733488327134,486.291237450412,490.0627302299277,25451967
2021-11-10,488.3399658203125,492.1580090016376,485.6393598757881,489.4108526452648,15805538
2021-11-11,474.5576477050781,486.8964904728016,472.22955880191256,486.8964904728016,23086898
2021-11-12,476.18731689453125,477.7238499092589,468.1321348557006,476.79261433438705,19836221
2021-11-15,471.71734619140625,480.424432496771,470.7395602528643,477.1651081428936,13328183
2021-11-16,461.05474853515625,472.50893498024186,459.56476590009873,472.50893498024186,19553216
2021-11-17,463.8949890136719,470.6464468307084,457.23666043654316,459.89068746912005,20488483
2021-11-18,469.156494140625,471.39148236459494,458.44728450714973,464.77970377663814,22471070
2021-11-22,452.9530029296875,471.20522688822024,444.66501153977305,471.20522688822024,28800269
2021-11-23,459.14569091796875,461.33410021271396,446.99307797806205,451.8820647684471,20000371
2021-11-24,459.23883056640625,465.61780011174824,455.4207589216789,461.7065992231875,13963769
2021-11-25,456.817626953125,461.38070427561206,452.85987552541496,456.3054587242203,12894211
2021-11-26,438.1463317871094,454.34982487714706,434.9801365610877,452.8132918841274,26305817
2021-11-29,433.11767578125,444.897800234469,423.06031442310393,437.68072445881825,22407465
2021-11-30,428.88055419921875,444.43220044897384,426.5059147315454,435.81827094839133,23026652
2021-12-01,442.61627197265625,444.43219277119266,432.0933209970317,432.5123883871725,17156956
2021-12-02,444.1993408203125,445.27025597915053,438.56537732008684,441.8712520319461,12962679
2021-12-03,440.6141052246094,448.38992793491354,437.7272692674896,443.03532339571154,16653993
2021-12-06,433.3039245605469,444.1993927310052,431.9070711242859,440.6141298941241,14353300
2021-12-07,443.9200134277344,446.71372017449403,436.9357465608352,436.9357465608352,13644942
2021-12-08,457.74884033203125,458.540396262907,447.22588959161516,447.83118703791257,20397660
2021-12-09,455.0482482910156,459.56474641681535,452.6736089932615,458.4472523831347,12560970
2021-12-10,460.6822509765625,461.84629544697117,451.09050748896226,454.9085790357137,13261408
2021-12-13,454.2567138671875,466.03686693088656,452.9064392999439,463.5225194457287,14047645
2021-12-14,454.95513916015625,456.63138028476504,448.6692988857473,452.580499757446,11642447
2021-12-15,451.4630126953125,457.2366848492181,450.2524177690366,456.3054492385272,8639835
2021-12-16,448.06402587890625,456.81763527706426,445.36344818636536,454.7689339050586,11107781
2021-12-17,435.63201904296875,448.296829373176,434.42142408409757,447.0396555810828,12648603
2021-12-20,418.31103515625,432.0933104138991,412.53736317533895,427.4371324999562,22336114
2021-12-21,415.3310852050781,426.738721513962,413.93423177950046,425.6212274058776,16617447
2021-12-22,424.5037536621094,425.8540282297802,418.1247841225314,419.05601972191346,13102553
2021-12-23,430.04461669921875,433.0245821807738,426.2731236413961,429.2996395383585,14471377
2021-12-24,425.5281066894531,431.72081756957743,421.10473771521373,430.78958199605336,13221159
2021-12-27,426.55242919921875,428.8339676477019,419.5681626251519,422.50157732150274,8856482
2021-12-28,429.4858703613281,431.0689538309039,427.483691084808,429.4858703613281,8832210
2021-12-29,423.1534729003906,430.37054917465906,420.35976595551256,429.2996338629338,11757303
2021-12-30,420.6391296386719,423.6190664913065,417.6591643669822,421.6169156458221,28879190
2021-12-31,428.7874450683594,429.67210184039385,421.94285769771926,423.01377295810596,10005842
2022-01-03,438.4256896972656,439.54318373540093,428.4614862699505,430.2308281477865,13124509
2022-01-04,450.2524108886719,451.3699049720466,438.65851634511614,440.0088193276059,23296671
2022-01-05,458.5404052734375,460.96162352526,446.2015335326098,448.7624314410835,24694169
2022-01-06,457.8885498046875,460.40286883985226,452.02174855119335,454.1636074541724,18190843
2022-01-07,457.469482421875,467.4337145771082,455.7932697317679,459.5182120822768,22746330
2022-01-10,469.01678466796875,470.22740794884083,458.6335138454312,459.42506975618335,15832274
2022-01-11,471.1586608886719,472.88142400502176,464.91937103149354,468.4115045144542,16107950
2022-01-12,475.1629638671875,478.1894795606091,473.5333015707297,474.8370257240849,14489616
2022-01-13,476.18731689453125,477.5841418377846,472.1364364600278,474.9301431846433,10450974
2022-01-14,473.39361572265625,475.2560868942461,470.4136504804906,473.99891316961197,8724574
2022-01-17,478.6551208496094,483.2181982388684,472.6486395802748,473.0677069875517,17422211
2022-01-18,471.9501647949219,481.86784612553,470.2739521745942,478.6550721143395,12592506
2022-01-19,480.3313293457031,482.0541493739674,465.89717699778424,470.2739958515499,16079457
2022-01-20,476.23388671875,483.45099113725774,473.0676913189305,480.5175762215908,17724642
2022-01-21,468.13214111328125,472.60206056479433,463.75532248525633,470.5533309050689,16947941
2022-01-24,460.1700744628906,471.95019933428694,454.4429811020752,467.85276830324335,20233933
2022-01-25,479.2604064941406,481.91440512043016,455.3741915051021,456.3054270705522,21791739
2022-01-27,492.5771179199219,494.3464315861228,468.5977994706891,468.92370921921923,35409230
2022-01-28,487.45526123046875,499.51477300065756,485.54623971583055,497.2797849398423,24715250
2022-01-31,501.28411865234375,503.70536534679854,490.80771801566414,492.6236388269775,28674232
2022-02-01,495.6966857910156,506.54560298783747,484.2424995725934,506.54560298783747,32245356
2022-02-02,502.68096923828125,506.82497905661904,494.812016992334,499.7476111794052,21661864
2022-02-03,502.9603576660156,507.24407580859116,500.2132579371295,500.2132579371295,22717677
2022-02-04,493.834228515625,508.8271558150221,491.040521708818,504.86940450537884,25332894
2022-02-07,496.5813903808594,511.2483512781843,489.13150548063084,495.32424503919026,52289545
2022-02-08,494.8119812011719,500.67881057078097,483.3112450230529,498.6766314255199,26567546
2022-02-09,498.4438781738281,499.6079227281808,491.4596108477119,498.1645188484061,14856155
2022-02-10,503.3793640136719,506.545587611548,497.65229949736135,500.16659000602556,18659370
2022-02-11,493.1823425292969,500.72538486222817,490.85425356940004,499.37508189786615,14607095
2022-02-14,466.9215393066406,480.1450682042784,465.33845578670656,479.5863495613935,26153332
2022-02-15,488.71240234375,490.6214238421887,462.917194814761,467.480243298606,23842951
2022-02-16,481.16943359375,491.6923842372667,478.6550861703695,490.2955308729563,19773807
2022-02-17,477.6773376464844,484.2425376060202,476.0010964264141,484.2425376060202,16408356
2022-02-18,479.8656921386719,485.08064558878283,475.02328408194904,475.02328408194904,15111223
2022-02-21,476.6529846191406,481.91446048458107,469.94807640999306,476.37359686597597,16866932
2022-02-22,464.1278381347656,470.55335837861924,461.42726045767427,466.45592723899205,27108772
2022-02-23,464.4071960449219,470.59990698052957,463.05689308359223,468.4114976793301,13899433
2022-02-24,440.1485290527344,454.39645170338395,435.8182889171764,446.9931168381296,32356037
2022-02-25,449.7402648925781,458.0748068411408,446.3412320623623,446.99310837970523,21792287
2022-02-28,449.9730224609375,451.92859435172136,440.567537861476,444.10622153142634,18069367
2022-03-02,441.63848876953125,446.80683504591724,434.8870305859169,445.13062231278,22003848
2022-03-03,435.259521484375,450.15929134892565,432.6520731257009,446.9930959365198,20358590
2022-03-04,430.1842956542969,438.5188372009064,426.1799655334132,428.64773418310085,20684268
2022-03-07,410.0230407714844,422.73442998798953,403.6440993751081,416.72794874460675,33720472
2022-03-08,410.0230407714844,411.6992819742931,395.7751468524198,407.8812101679056,42510207
2022-03-09,420.6391296386719,423.06031945048284,408.39335882889986,411.60613299934477,32331325
2022-03-10,436.47015380859375,443.8734600607779,429.9049255256498,437.58761951997025,34553299
2022-03-11,438.0066833496094,442.1506648431163,430.2308601713591,434.32829125108464,22091309
2022-03-14,451.7889709472656,452.58052693538787,438.19292474235004,438.61199215343146,27750689
2022-03-15,452.4408264160156,456.7710663150074,447.5983898805279,455.3742129012,27204899
2022-03-16,458.8663635253906,460.3097674057931,455.7467184345574,459.09917243636244,16211288
2022-03-17,467.3871765136719,468.8771592676486,464.0347224219884,464.68659875780867,22947673
2022-03-21,456.8641662597656,467.4802458400517,455.3741836967834,467.4802458400517,19064060
2022-03-22,459.7510070800781,461.706579019731,444.4321707591045,456.86417116189705,26157969
2022-03-23,456.9107360839844,467.8527542553318,455.5604615312936,464.2209411418445,15800195
2022-03-24,453.6048583984375,460.77535533982467,450.2524046140873,451.649257989312,18174877
2022-03-25,456.9573059082031,459.3784956567696,453.1392343845382,457.9350918898123,11541196
2022-03-28,463.28973388671875,464.31409878113385,448.80903095898765,457.1901517730187,16738684
2022-03-29,460.9616394042969,466.9215417855109,457.8885731758907,465.61781758009784,14301429
2022-03-30,460.3097229003906,465.99026546268584,458.4472517926908,464.9659006696402,16461225
2022-03-31,459.611328125,463.3362705988537,458.354182775319,460.30975483884754,10240982
2022-04-01,473.25390625,474.69730994941483,457.236643815915,457.236643815915,18527226
2022-04-04,477.1651611328125,479.4932502155485,471.2052303457634,474.27829656735247,16257176
2022-04-05,474.37139892578125,480.8900764070014,472.7883154906881,479.0276052463827,13602384
2022-04-06,478.6085510253906,479.7725955327789,471.20521659077895,472.1364521966896,13738275
2022-04-07,479.5398254394531,484.1494534293804,474.97674786596644,474.97674786596644,19620958
2022-04-08,480.6106872558594,483.77691114198547,477.11855363356403,483.77691114198547,13572638
2022-04-11,479.4932556152344,486.10500594941607,477.9101436535236,478.1895029789754,12370288
2022-04-12,477.58416748046875,481.16945873909384,469.66869308811084,477.49106665322626,14460680
2022-04-13,482.1007080078125,485.08067345936144,478.42231581784336,478.93448405839547,15440525
2022-04-18,474.4645690917969,479.58636522527064,469.3427729583231,476.79265824337585,14492183
2022-04-19,476.60638427734375,485.12721303086033,470.36712260501565,477.9566873090639,20362934
2022-04-20,474.2782897949219,478.37574925727273,472.13645923701137,476.7926373359957,11881305
2022-04-21,480.79693603515625,482.38004794623134,476.9788927538379,478.0963868580151,10035638
2022-04-22,466.1765441894531,478.18947767208795,464.68656155476515,477.6307590507531,16760456
2022-04-25,460.7288513183594,464.8728614497352,456.3520322676716,460.9616602376713,14057444
2022-04-26,470.7396240234375,472.97458391362466,464.1744240174396,464.6865922605249,12137213
2022-04-27,463.0569152832031,468.2252616427236,458.0282485838483,465.61781325611173,12367342
2022-04-28,472.6020812988281,474.93017036926574,462.3584893889028,464.82625811975544,12154792
2022-04-29,462.1722106933594,477.2582385779829,460.03038020980205,473.16080767692927,12894773
2022-05-02,457.2366943359375,460.96163685598583,448.20369735719777,458.7732274416462,18590895
2022-05-04,446.6671447753906,462.3119197288658,444.6649939419759,458.1679099883815,14645323
2022-05-05,446.9930725097656,460.03037045796714,445.7358988095211,451.64925034840905,14130385
2022-05-06,450.6715087890625,452.67365977320463,438.6119956307431,438.6119956307431,16710020
2022-05-09,443.1750183105469,450.438673074012,441.21941785811185,444.29251240309696,13544947
2022-05-10,442.5231628417969,449.3677216792281,440.9400509743726,444.19937553278925,10884328
2022-05-11,443.7803039550781,446.06184249202244,431.76737066572184,442.5697090695901,14771351
2022-05-12,430.8361511230469,440.47444541152885,424.96937812260853,440.47444541152885,18947096
2022-05-13,414.0738830566406,444.19935888720414,409.5108345296604,437.1685418279946,61403008
2022-05-16,423.7121887207031,429.7652199881417,408.6727397938781,414.3998329246437,27940958
2022-05-17,435.1664123535156,437.354821837337,424.78314043302424,426.78529141730706,16880698
2022-05-18,426.5058898925781,436.37699259137,425.667783565683,435.72511632653266,15644497
2022-05-19,416.7279357910156,419.0560248177811,413.887678545984,418.17133961998803,14201420
2022-05-20,430.6033630371094,432.0933457753184,422.9206688503715,423.5725451792933,13596860
2022-05-23,429.20648193359375,438.9844557239664,427.9027577786884,431.25521161919863,13499415
2022-05-24,430.27740478515625,434.70077395889433,428.5546416316817,430.6033429344007,17175179
2022-05-25,429.4735107421875,439.26222115340613,427.53466786818933,435.99930806214456,12728644
2022-05-26,443.47088623046875,444.6058200838844,427.96028712166645,432.0743862620898,17055257
2022-05-27,443.5181884765625,449.24007685783033,442.1468124863909,445.83530418702605,10977001
2022-05-30,448.8617858886719,451.0370421360326,445.5515957698212,447.34855034754094,9365470
2022-05-31,442.7142639160156,450.56413133401236,439.7823756392409,448.2942925870972,15441579
2022-06-01,442.9034118652344,446.402767135689,439.4986680873034,442.61969283792894,9424008
2022-06-02,444.369384765625,446.7338062777731,440.87002938261895,441.57935583626335,9370989
2022-06-03,439.30950927734375,449.7129637489278,438.36374068901796,447.5849844251947,11306291
2022-06-06,438.55291748046875,440.3498720730131,431.7433719204855,439.0258017870629,10661432
2022-06-07,438.2691650390625,440.68089229525094,435.52644186174086,436.8032352488327,7672515
2022-06-08,445.7406921386719,449.7602083505448,438.079990213154,441.2955974101394,17168871
2022-06-09,441.62664794921875,445.3624165055338,437.3706893587511,443.51818510053766,12635601
2022-06-10,436.80322265625,438.97847883631295,433.7294747838409,436.9450821701556,8621104
2022-06-13,421.6709289550781,429.4262140264515,418.12429676502626,429.3789371422775,13426836
2022-06-14,423.7989196777344,424.8865478061158,419.3065187827337,420.867031215852,11351101
2022-06-15,426.8726806640625,430.75033785355936,424.2718169087689,424.6028417046836,9920926
2022-06-16,417.65142822265625,432.92558565795474,416.2800521790949,430.4665814742764,10780703
2022-06-17,417.0839538574219,423.27872666107095,413.5373215967295,416.13818525457054,14326050
2022-06-20,411.1256408691406,419.4011164996582,407.3425662951897,417.55685609982976,12368534
2022-06-21,426.30517578125,430.27741525368896,413.868325066745,415.665279547109,13801891
2022-06-22,423.373291015625,426.7307867283347,420.5359853295658,424.41364220635995,11066447
2022-06-23,426.919921875,431.6960704167751,421.8127774275385,424.6500831053022,12229833
2022-06-24,429.6153564453125,435.38455027355786,428.62231102992564,431.08128612756275,10833364
2022-06-27,436.1884765625,439.64052607470876,433.2092824733034,435.0062658485541,9509175
2022-06-28,439.07305908203125,440.491711938516,433.1620055133448,434.0131914547224,13261290
2022-06-29,434.2023620605469,437.6071347305486,433.1620108471343,435.05354801240566,11800876
2022-06-30,440.6335754394531,443.84918283740706,433.7294763537707,434.10777801307705,16926328
2022-07-01,441.5320739746094,443.37630541575845,435.57371451361155,438.22188389491066,9405495
2022-07-04,447.7741394042969,448.4361600833809,441.5320610921888,441.5320610921888,9186358
2022-07-05,446.54461669921875,453.96890561565453,445.45698863536103,449.3819223593166,12003244
2022-07-06,453.921630859375,454.91467630003484,448.1997137671677,449.3819244644131,12059857
2022-07-07,460.3528747558594,461.7715276826879,455.48217214626163,457.7520110566737,11497832
2022-07-08,462.05523681640625,463.33203019569055,458.8396293570521,462.4808442303567,9057231
2022-07-11,461.7242431640625,464.6561027409874,458.6977720918318,458.6977720918318,7704792
2022-07-12,458.6504821777344,464.7033952876818,456.9008045407598,458.69775906147703,7364457
2022-07-13,460.11639404296875,465.74372839283694,458.27213384761626,461.2986047162549,8208853
2022-07-14,453.35418701171875,462.38626565305754,450.9424597491278,460.21100940450947,9385630
2022-07-15,453.1177062988281,458.13026793850156,448.9563305595152,456.3805903939709,6945602
2022-07-18,463.7103271484375,464.8452609990571,455.9550420444267,458.272157767472,9934786
2022-07-19,470.9454650878906,471.5129031327425,461.53505638903056,461.53505638903056,11724183
2022-07-20,481.0179138183594,482.9094510108322,473.26259978419387,473.8300667144491,19280117
2022-07-21,484.2807922363281,485.55761446071546,479.2682302825926,482.15281292081585,13814893
2022-07-22,485.84130859375,491.98880407908524,483.47688725323644,485.60486645969866,14699129
2022-07-25,489.7189636230469,490.85389747437273,481.5380711043207,485.55761646836356,10229778
2022-07-26,486.314208984375,492.556258440218,485.2738289249796,489.624398970835,8862656
2022-07-27,499.5549621582031,501.2100571289965,484.46994216508864,487.3545247120165,15101546
2022-07-28,503.57452392578125,508.35064401287485,500.83177177965706,504.2838504057992,12160734
2022-07-29,499.6968078613281,507.8777291963506,498.1836012182079,506.0334689140187,11921058
2022-08-01,504.8039855957031,505.98619633480314,497.85260953984863,500.35886167166035,8295631
2022-08-02,512.701171875,515.349370325729,502.2977165261426,503.0543776407157,16845027
2022-08-03,511.5188903808594,516.7679519437197,505.655171628876,512.511993525269,24262125
2022-08-04,504.3311462402344,514.4981595024614,495.7719512714804,514.1671635560723,18072293
2022-08-05,502.25042724609375,513.4578203213883,500.3116130693966,506.5063861474402,21110734
2022-08-08,492.177978515625,495.58272221944645,485.98314830777673,495.58272221944645,32566317
2022-08-10,486.7870788574219,495.10983046053855,485.5575913010178,493.2655702633671,16904151
2022-08-11,496.2920837402344,497.47429451617586,489.15154219857493,491.7996827916567,13862195
2022-08-12,501.91937255859375,502.9596948559826,496.67036873971307,497.1905298884075,12154012
2022-08-16,497.427001953125,504.8985391865189,496.52851024669945,504.3783780065253,10721167
2022-08-17,499.5077209472656,501.7775310056564,495.9137540024929,500.16971280275317,12054183
2022-08-18,503.4798889160156,505.79703352089945,497.6634466865571,498.27816163878566,9013662
2022-08-19,492.1306457519531,504.7094137454508,490.38099701081967,503.14887253569157,11087222
2022-08-22,483.57147216796875,491.7051167383744,482.3419845367255,490.853901910903,9676954
2022-08-23,493.5966491699219,495.5827401146792,480.68688485359866,480.68688485359866,8597965
2022-08-24,491.13763427734375,494.63698972674746,484.5172539177123,490.85391523552954,11930650
2022-08-25,492.177978515625,499.64951545599195,490.38099517324997,493.6439082290722,15473450
2022-08-26,495.3935546875,500.7844469647244,493.88034809833897,495.3935546875,12855886
2022-08-29,486.928955078125,488.9623807185564,481.1597895368773,483.57148799346,9421339
2022-08-30,502.4395446777344,503.62175537109374,489.8608344454169,490.0972765840888,14835308
2022-09-01,504.37835693359375,511.5662325595548,493.92762598529777,493.92762598529777,16670228
2022-09-02,507.593994140625,508.68159334192575,502.4395439797127,507.8777131616108,10017930
2022-09-05,509.6747131347656,511.4716388097338,507.21568018067234,507.8777297346641,7819994
2022-09-06,508.6343078613281,513.2685967845732,505.1349527279727,508.8234731138315,8657868
2022-09-07,503.95281982421875,508.30339040263664,502.72333208091305,505.4188074634972,8445359
2022-09-08,515.1128540039062,516.6733374465072,506.4590488467253,506.9319331126886,12240707
2022-09-09,523.3410034179688,526.7930817113361,518.2811647716557,519.8417059673161,18587927
2022-09-12,524.8070068359375,528.3063043931888,521.3549284374099,524.8070068359375,9677415
2022-09-13,527.7388916015625,529.6304288474462,523.7193749540595,529.6304288474462,16707275
2022-09-14,540.7431640625,543.6750234535912,519.4633718606526,520.1726982673808,21632641
2022-09-15,541.1215209960938,547.1271284429683,537.1020044950002,541.4997937964107,12749947
2022-09-16,531.332763671875,542.871151610006,529.9141108366572,538.2368625915752,14739280
2022-09-19,541.2161254882812,543.2495512341687,529.2048517436883,530.2925088124447,11194003
2022-09-20,542.91845703125,546.6069776867555,541.7835231583919,546.6069776867555,8484017
2022-09-21,538.8043823242188,545.9922005856165,534.7375888940823,543.8169443532304,9392526
2022-09-22,536.5345458984375,542.8712074256107,531.5219835769916,536.0143846837367,11869435
2022-09-23,520.7401733398438,537.1965702364364,519.6998509593694,534.1700991407816,12563239
2022-09-26,513.8360595703125,519.2269520381395,504.09465471098065,516.2004810276811,16158750
2022-09-27,507.40484619140625,521.0239369145561,504.2838214038483,515.0182717607147,11066799
2022-09-28,496.3865966796875,510.52584794188544,492.13063823639163,504.0000796305769,12233485
2022-09-29,493.45477294921875,506.64825662197285,491.37407045931724,500.3115953811916,17310168
2022-09-30,501.82476806640625,507.7831560940152,488.15845873914054,495.5827187447877,17466950
2022-10-03,491.5632019042969,502.817870694515,490.3809912215064,498.98746190216895,9351162
2022-10-04,503.8109436035156,506.74280316670263,499.17665438414605,504.0946626378347,8745887
2022-10-06,508.16143798828125,512.4173965270862,505.6078513199719,505.6078513199719,9507322
2022-10-07,501.4465026855469,506.5536182808691,497.99442434716724,506.45906451480334,11065307
2022-10-10,501.9666748046875,504.94586892749584,493.88036497509313,497.1905550114877,9649292
2022-10-11,498.7983703613281,504.75670084855227,497.0013869758343,501.9666720027099,10825440
2022-10-12,504.85125732421875,505.9861911671905,497.4742739326023,501.2573482590859,8522604
2022-10-13,493.1710510253906,504.8512702166341,491.9888402681743,504.0946668770426,12972765
2022-10-14,498.6091613769531,505.84425571800364,497.4742276395939,501.4464668577873,8545479
2022-10-17,514.1671142578125,515.1601597269055,495.77190373695043,497.852606168704,13485349
2022-10-18,531.947509765625,532.940555155672,517.0989326199887,517.4299285082948,20440781
2022-10-19,523.3883666992188,532.8933295908961,521.6386601529041,532.4677221755691,9540583
2022-10-20,525.2799072265625,526.6039486407994,515.7276096642603,522.0642708738797,11225588
2022-10-21,530.434326171875,535.1158925512549,527.0295821096737,527.0295821096737,11767639
2022-10-24,539.5609741210938,541.4525112783982,535.2104617493467,536.250784095811,3692065
2022-10-25,547.1744384765625,554.4095917069079,537.1965908085093,541.4525497145627,19899324
2022-10-27,548.2147216796875,553.274559949862,546.2758501185651,552.2815145924133,13613533
2022-10-28,539.79736328125,551.0520313525482,536.2507314594284,548.4984448958112,10043644
2022-10-31,542.6820068359375,546.1340852886444,537.5748910714758,543.769663807375,9894639
2022-11-01,545.6138916015625,553.9839200565388,543.438577788287,545.0936727265695,12069579
2022-11-02,542.7293090820312,547.552763764299,538.9935691471632,544.6681809673819,10241440
2022-11-03,553.1801147460938,556.064697626696,537.1966012320565,538.1423698961975,17557998
2022-11-04,561.7392578125,564.5765635432895,548.9241051401274,554.2203860808812,25759031
2022-11-07,580.8438110351562,588.9301210515242,574.7435919964456,579.7561540508798,44265903
2022-11-09,582.1677856445312,587.3222354881241,577.4389431687815,587.3222354881241,18939854
2022-11-10,572.8993530273438,581.742266711215,569.541885904196,579.8507294333699,11618405
2022-11-11,568.6906127929688,585.9508886854824,566.0424724202394,583.7756325837807,15525267
2022-11-14,560.4152221679688,571.1970082557938,559.564064987439,571.1970082557938,12957268
2022-11-15,568.2650146484375,569.447225345239,560.5097586575258,562.0702421422246,10286417
2022-11-16,567.2246704101562,570.7713023635337,563.6780384567788,567.4138356593622,11555749
2022-11-17,566.5626831054688,570.062038562034,563.8199887288042,566.6099599916786,8167131
2022-11-18,570.0147094726562,572.8992919689098,564.7657056310915,568.4068914128185,12933675
2022-11-21,565.6641845703125,569.4472590238177,563.0633208835276,569.4472590238177,7412419
2022-11-22,566.6099853515625,568.1232498539574,563.8200139638168,565.7115512979567,8048595
2022-11-23,574.6962890625,576.5404915759619,568.4069050431018,568.9270662065175,12435924
2022-11-24,576.3040771484375,578.1483374757161,572.9466101411601,576.6824076810045,8960032
2022-11-25,574.4598388671875,580.4181691716772,573.3721819474615,577.4389751568668,9994513
2022-11-28,575.5947265625,577.7700404458606,569.6836730210467,572.7574208626024,7934274
2022-11-29,575.5474853515625,578.6212333836287,574.1761092999211,574.1761092999211,6942919
2022-11-30,569.7783203125,578.2429610607289,565.9479689220002,575.500208955112,15606230
2022-12-01,575.121826171875,576.7296442351469,568.927053778954,574.8853840368389,14209313
2022-12-02,574.6016845703125,576.5404985985498,571.4806598266704,574.5544076867228,7533838
2022-12-05,583.8229370117188,584.4849865674205,574.6016932916017,575.5001849939731,11585602
2022-12-06,575.9258422851562,586.1874092493424,574.8381852262181,581.411289017972,12996244
2022-12-07,574.1287841796875,579.6615648076655,571.717085932937,577.7226931086815,7613892
2022-12-08,578.4793701171875,580.512737911779,574.2234115434572,576.6823867404484,10020015
2022-12-09,583.0663452148438,584.484998122909,576.067634445001,581.0802542336061,11202267
2022-12-12,579.8034057617188,585.147021230506,577.864591753399,581.4585007462825,9285187
2022-12-13,583.3027954101562,583.9175681021829,579.2832787818738,580.2290474002932,7455415
2022-12-14,591.5782470703125,592.7604577958726,584.0120984267273,584.9578670071755,14010673
2022-12-15,582.5462036132812,595.4086339888136,580.985662271887,591.6255594401115,10622271
2022-12-16,570.6294555664062,582.2151207914691,569.447244829155,578.8103769582387,9435071
2022-12-19,571.6697998046875,576.4459193386776,570.298423890439,571.2441924209372,8322012
2022-12-20,571.6697998046875,573.6086137471829,567.0355109151941,570.298423890439,6753785
2022-12-21,561.2190551757812,576.1149091618787,557.6250886688739,573.0411615139539,9217253
2022-12-22,561.2190551757812,566.5153357252311,555.6862747744393,564.6237987111235,8740149
2022-12-23,542.8711547851562,558.6655013213187,540.5067333792975,558.003451782652,13047046
2022-12-26,564.7184448242188,569.0690153032233,539.7501867898378,542.8712118284932,13201587
2022-12-27,569.2581176757812,570.39299376433,561.1244734486816,567.8394648399637,9638618
2022-12-28,568.4542236328125,574.0815585274914,566.0898020573286,568.3123929733651,7988631
2022-12-29,578.6212158203125,584.4849926639092,564.7657405160301,567.4611579261255,20130392
2022-12-30,580.418212890625,586.8967048392173,578.1956220014096,581.8841427047076,13052895
2023-01-02,578.9995727539062,585.6199532316294,578.0538041142315,581.6004365130118,6726084
2023-01-03,579.1886596679688,583.1608412370937,576.9187921497869,581.1747504525312,6818062
2023-01-04,572.3792114257812,581.6004559711173,571.2442774751737,578.6685384549529,7011191
2023-01-05,572.2845458984375,578.4320416816555,569.3054095001119,574.0815292943545,8241475
2023-01-06,568.075927734375,574.5071426133578,564.6238492843752,574.4598657287963,7972036
2023-01-09,574.7435913085938,575.9730789468689,567.555715294209,572.1900045367088,8878905
2023-01-10,562.874267578125,575.9731410455076,558.5709737925,575.4529798030562,10622660
2023-01-11,564.3401489257812,566.9882895253261,560.1314670081308,564.103706770016,7419630
2023-01-12,562.6377563476562,565.4750621129492,558.0980209430805,565.4750621129492,8183715
2023-01-13,567.5557250976562,570.2039234106185,561.455563686012,565.4750803162366,7877610
2023-01-16,570.2984619140625,573.2303214640315,568.0285941994754,570.2984619140625,5483191
2023-01-17,560.7935180664062,573.1357870848398,554.2676914600394,570.2984812081821,13461999
2023-01-18,559.3748168945312,564.7657091403643,555.7335733650482,563.5834984603628,11538075
2023-01-19,557.861572265625,559.6585556526618,555.686316082724,558.9492292196419,7475688
2023-01-20,560.0841674804688,564.2455146186342,558.7600683716555,561.597374126141,6750607
2023-01-23,567.8867797851562,569.116267446911,560.7935151306456,566.0425194299563,6604469
2023-01-24,562.1175537109375,571.811682022892,560.888066055424,570.7713596355657,7609623
2023-01-25,537.8585815429688,563.5361628309502,536.6290939830234,563.5361628309502,25686294
2023-01-27,510.6677551269531,537.7167133619173,503.3853255328834,537.1965521891551,40163464
2023-01-30,509.01263427734375,524.2867613983544,496.7176433900897,506.93193196678243,40797825
2023-01-31,523.48291015625,526.7931001933717,508.6816087573524,515.4438772089544,21911943
2023-02-01,498.7510070800781,534.3592150301004,472.2695173216822,530.9544714403144,38218810
2023-02-02,499.4603271484375,503.7636200499666,475.2486763772784,491.98879055290683,39287056
2023-02-03,514.687255859375,516.3423508199595,490.99576525431956,506.931942213324,32317232
2023-02-06,515.8222045898438,528.4954688768345,507.45211805473997,528.4954688768345,25338586
2023-02-07,517.429931640625,521.4967824365973,511.7080436679747,518.2811463944632,16195947
2023-02-08,519.936279296875,524.4286800729735,515.9167628129974,520.1727214429854,15502847
2023-02-09,520.9293823242188,522.064316295977,513.3632328126829,522.064316295977,15061047
2023-02-10,523.0573120117188,527.0295516716327,516.8625392347192,516.8625392347192,13824475
2023-02-13,508.35064697265625,526.6985817860033,504.3784071164007,523.95582962391,18488732
2023-02-14,511.5188903808594,515.065522396235,501.96665124283317,510.6677333322475,18559909
2023-02-15,512.843017578125,515.1128852826321,507.68856722110974,510.7150382520747,12796579
2023-02-16,510.8095703125,517.1935080193455,509.2963637238928,517.1935080193455,12767016
2023-02-17,502.2031555175781,510.38407746870104,499.1294073905873,509.29642042601847,14192008
2023-02-20,496.67041015625,504.9931624047725,493.8331043175399,503.1489020645839,12570032
2023-02-21,495.0625915527344,500.264318919326,494.0695460550484,498.514612351846,10223218
2023-02-22,488.34759521484375,493.596657143169,484.7064091822601,492.50900015934036,14763050
2023-02-23,492.74542236328125,495.58272805827136,483.6187614835763,488.915071220071,15535085
2023-02-24,492.792724609375,498.89294371259393,489.5298113471756,495.7719188324995,12253035
2023-02-27,499.0820617675781,501.06815257835507,490.8538640619757,492.8399548727526,11048799
2023-02-28,494.4478454589844,499.7914614948557,492.79275029877584,498.6565275542565,15768010
2023-03-01,507.593994140625,508.2560436730128,494.7315071796655,494.8733955527241,13510198
2023-03-02,504.8039855957031,510.62048552212866,503.62177485660317,506.8846880415459,10376913
2023-03-03,530.765380859375,533.6972406005289,512.3701689701492,512.6066111339563,27656538
2023-03-06,531.2382202148438,537.1019969258892,528.6846335168734,534.2646912003962,16162268
2023-03-08,534.1701049804688,534.8321545594332,526.2729600942696,529.630427149925,12637578
2023-03-09,528.590087890625,535.0685796402279,527.7388730698138,534.122811050497,8993423
2023-03-10,517.6663818359375,524.8542572994388,515.4438488803586,523.1045508837578,11522371
2023-03-13,501.2573547363281,523.151920773827,499.7914249608996,517.3354208316443,14373729
2023-03-14,496.9068298339844,503.9054826178335,491.79965646525375,499.0348091167667,14750800
2023-03-15,489.4825134277344,503.1488808530747,487.5909762816702,501.06817844737753,11282329
2023-03-16,496.0556640625,500.6426189909445,486.40881214866874,490.28649830454526,20040008
2023-03-17,501.06817626953125,502.7705481485633,491.8942096059672,499.9805770503511,18787379
2023-03-20,491.0430908203125,498.04174414100294,487.07085097606284,498.04174414100294,14275315
2023-03-21,493.54931640625,495.0625807877978,488.4422006470023,493.69120478503487,29485180
2023-03-22,493.2655944824219,498.42004482113964,491.8942184876975,493.88036715337415,11619538
2023-03-23,484.9428405761719,492.7454313801766,483.7606298482924,491.2322247385441,22097792
2023-03-24,477.94415283203125,487.02353688053415,476.14719832075485,486.5979294788206,14416984
2023-03-27,482.48382568359375,486.26692879064547,474.3502102854361,479.50466048857436,15674218
2023-03-28,480.5450134277344,483.99706291588154,476.5254970283352,483.7133438915386,15833599
2023-03-29,488.4894714355469,489.90812430515643,478.8426203771755,481.39620708749925,24203789
2023-03-31,495.3462829589844,496.4339398922883,491.1848782077965,492.4144235150555,17356345
2023-04-03,498.18359375,499.8386887458472,493.78574681383884,496.29205661188894,14210949
2023-04-05,494.636962890625,498.9874752294379,490.90116548820276,498.4200371765954,13574801
2023-04-06,499.0348205566406,504.7567089920419,493.3602090058029,495.58274210649415,25125879
2023-04-10,497.75799560546875,501.6356814457874,495.9610699259261,500.54802448109393,17335453
2023-04-11,503.243408203125,506.64820952238887,498.56190019247276,502.0611975488937,26414406
2023-04-12,499.5549621582031,505.0404082306634,497.47425979275084,504.2838049318985,21292441
2023-04-13,504.0473937988281,505.27688145059244,498.56194738894,500.5953152716292,28597560
2023-04-17,514.4981079101562,515.4438764908734,499.36581061868105,499.36581061868105,32476990
2023-04-18,516.247802734375,518.7541127868462,511.1879634663453,515.7749184018437,22283456
2023-04-19,510.998779296875,517.8083249786072,509.0599651502015,514.4981347732645,21156372
2023-04-20,515.2547607421875,515.8695334687824,507.5467807037376,511.85001661448604,25588577
2023-04-21,513.6942138671875,516.7679616717087,510.43130080659256,515.4438626043238,22599418
2023-04-24,524.523193359375,525.421684990277,514.0251859723464,514.3089049807553,23335611
2023-04-25,531.332763671875,537.1019865035063,524.9015490305807,524.9015490305807,38142390
2023-04-26,535.6360473632812,536.250820070701,526.2729724415733,531.521976860201,23143882
2023-04-27,534.122802734375,536.6291125481928,530.6707243455518,534.3592448781264,17845169
2023-04-28,546.9379272460938,548.971352667809,534.8321016537752,537.0073577193658,16183423
2023-05-02,544.1006469726562,549.3496509930271,542.0672791815007,548.5457707982896,13667511
2023-05-03,539.5609741210938,543.8169327250288,538.1423212531155,539.7028624979448,9699527
2023-05-04,548.5457153320312,549.3023185667743,537.6693778728617,539.2771958248946,12533761
2023-05-05,545.2355346679688,556.3483144291979,543.864158811983,548.7348896271685,18163461
2023-05-08,551.9505004882812,555.733574673191,546.0394470743597,546.3232238183328,12990869
2023-05-09,542.3982543945312,554.6459684581436,541.0741553565239,553.2745925384495,18959065
2023-05-10,541.1687622070312,543.8169025352203,532.7041223529789,543.8169025352203,18561315
2023-05-11,542.3510131835938,548.5457859453637,540.9796371737035,541.1688024380219,16016715
2023-05-12,546.796142578125,549.2551178633527,540.5540351442528,543.5332293428207,11319335
2023-05-15,550.3427734375,552.3288644146909,543.4859510624889,547.3635792465793,11410243
2023-05-16,554.5040893554688,558.3817750457957,550.4372961352346,552.3288332353558,22178229
2023-05-17,554.5040893554688,558.4763288107494,548.0728747600833,554.2203703354769,23739774
2023-05-18,543.0603637695312,561.6920174929332,540.4122231267693,558.287215759265,45656620
2023-05-19,543.9588012695312,554.4568090197679,538.9935164126377,547.599987074534,42293962
2023-05-22,545.850341796875,548.8294780947019,542.3509866163723,546.1813376993675,21484049
2023-05-23,550.0589599609375,552.0451085306911,545.5192825124204,547.5054310821739,16120548
2023-05-24,551.099365234375,553.5110635776405,546.8906834921327,548.3566132517542,17616658
2023-05-25,549.7279663085938,551.2885074965544,545.7084499957997,550.4372927167339,16479436
2023-05-26,554.2203979492188,555.875492994289,549.0659475495447,549.7279971125996,9788076
2023-05-29,562.7322387695312,564.05633771551,556.1591363682904,558.0033964269302,18432231
2023-05-30,560.6516723632812,563.2052593916974,559.4221846014929,562.7323750429217,15031640
2023-05-31,559.0607299804688,563.8332703864224,556.7950076008431,562.8691231871136,28797643
2023-06-01,561.8568115234375,565.3759725346222,560.169553831175,560.9408598639765,17820226
2023-06-02,566.1472778320312,567.7863399289043,562.0978476064854,563.7369097033585,11323908
2023-06-05,566.1472778320312,568.6540371470996,564.9902893608927,567.4006574895654,12920507
2023-06-06,564.3635864257812,567.7863563449595,562.0978638580726,566.9186002547972,11199940
2023-06-07,568.0755615234375,569.4253323416787,564.9902786080794,566.9185730743186,11113781
2023-06-08,567.400634765625,572.6552488450642,565.3276947192347,568.7986599936411,15971917
2023-06-09,557.9520263671875,567.9791224774418,556.0719274568654,566.9185840392489,18870272
2023-06-12,557.9038696289062,560.651665949061,556.9879179065606,559.2054449706885,8786066
2023-06-13,555.7344970703125,560.5552333084419,553.6615569491656,558.6751344061959,12612098
2023-06-14,555.8790893554688,557.8073838698208,554.6257096905156,556.3129673905737,8948696
2023-06-15,546.189453125,556.023767492567,544.9842689830649,555.348852603707,17934877
2023-06-16,550.7691040039062,554.0954237099354,546.7196738768654,548.3587359338673,12660226
2023-06-19,548.4551391601562,552.215336970729,545.6109518525627,550.7691160969515,17903691
2023-06-20,547.0571899414062,549.0336800950572,542.3810403275806,548.4551564192141,14549152
2023-06-21,546.0447387695312,549.0818259637434,545.3698828124838,547.0571403988516,14946871
2023-06-22,542.7667236328125,548.5998029137497,540.9348202600779,546.0447890802325,14979063
2023-06-23,534.716064453125,541.9471691410787,533.9447583891194,541.8507779506582,12215712
2023-06-26,537.0781860351562,538.4762112446472,534.6196224443274,536.0658432444474,8360264
2023-06-27,545.8037719726562,547.5874798151365,535.7284795993684,538.2352390818655,10694768
2023-06-28,549.37109375,553.4205239875774,548.1659096820828,551.7332662924933,18028934
2023-06-30,552.3117065429688,553.4204993748917,549.7567517407397,553.4204993748917,8718232
2023-07-03,564.4600219726562,565.3277191936658,553.3241329514472,553.9025977654534,15421985
2023-07-04,568.123779296875,574.5835777803604,561.3747484015366,567.1114364319501,24799250
2023-07-05,569.4253540039062,572.4142458484074,567.1114358645187,568.6540479574438,13598114
2023-07-06,571.2572631835938,572.2214104632285,567.9791388940837,569.2325774351127,11323509
2023-07-07,572.3178100585938,574.1497134555585,564.5082405175979,568.8469033396802,11707209
2023-07-10,571.3536376953125,578.2955096754295,569.0879151930579,573.3301866383733,11417363
2023-07-11,567.4488525390625,574.5835657318489,566.2918640690325,573.6676140744553,13221177
2023-07-12,568.123779296875,573.1855524683788,567.1114364319501,567.8827424791843,16029716
2023-07-13,564.65283203125,576.5600264296337,562.4352463905591,573.571193644083,20024503
2023-07-14,563.4476928710938,570.1002737819823,559.88033617268,565.71341543592,12190152
2023-07-17,579.5488891601562,581.2361468497637,563.2548359229304,565.9544364569268,19378986
2023-07-18,571.1126098632812,582.3931446524997,567.6417032420812,581.4289973858464,25757209
2023-07-19,579.8864135742188,580.8023652915784,570.7752096906919,573.3302236106615,17556585
2023-07-20,588.1780395507812,588.9011500146614,577.2831869976956,579.8382008421577,34038351
2023-07-21,593.0469360351562,597.2892073744681,587.1656614867653,588.1298087141655,21040281
2023-07-24,595.5055541992188,599.6031798857839,592.2756257028592,592.9987361181354,11756364
2023-07-25,587.744140625,599.5067488556581,582.537780778133,599.5067488556581,18503305
2023-07-26,593.09521484375,594.2521444866661,587.310331241653,590.0581274138974,9999125
2023-07-27,594.4449462890625,598.9764499129095,591.1186266690645,594.3003595167257,17444742
2023-07-28,593.962890625,597.6748927770809,591.6007181367443,594.3003774643948,11930586
2023-07-31,597.9641723632812,598.7354784405272,592.4685209367213,594.5414611882713,8605483
2023-08-01,589.9134521484375,598.590777115643,588.7082681252145,597.9641167316927,13493453
2023-08-02,576.993896484375,588.6118583315358,572.7998209080405,587.9851391205248,14977497
2023-08-03,569.3289794921875,579.3078804881416,564.0261693529716,577.2349991054857,27774877
2023-08-04,552.74560546875,577.2349691049168,550.9137610058102,573.4747712992396,52725616
2023-08-07,547.539306640625,556.3130240355339,546.3341224464406,556.3130240355339,32736325
2023-08-08,552.552734375,553.6615271889215,548.0694852226486,550.528048802567,25038671
2023-08-09,553.1795043945312,554.3846884999659,547.9730855203012,554.3846884999659,15769111
2023-08-10,553.0831298828125,556.8914646933206,549.6603598426617,553.1795210754018,27325801
2023-08-11,553.565185546875,558.241276326227,551.492245351644,554.8185652442073,18221179
2023-08-14,540.6937866210938,552.456395288408,538.5726508209419,552.4081996934482,28084093
2023-08-16,545.0806274414062,546.0930291373386,534.1375796285616,538.7654746862926,15725767
2023-08-17,551.6368408203125,552.6009880147222,543.7790176471228,545.4662752373399,27910162
2023-08-18,552.408203125,554.6257301288466,547.0571974198606,549.5639568421426,18253227
2023-08-21,551.2030029296875,554.9149463595685,550.2870512589609,552.4081870104123,9380810
2023-08-22,548.11767578125,553.8543633129792,547.1535285942997,551.9742645290513,14073413
2023-08-23,556.2166137695312,557.2289566885623,545.7073844177855,550.5281210292501,18579297
2023-08-24,556.2647705078125,561.1337023758908,554.9149408121432,557.4217589831178,24131644
2023-08-25,549.5157470703125,554.6739114144629,546.8643420837741,553.2276905127146,12271885
2023-08-28,552.3117065429688,554.1918053746803,548.7926045292852,552.2635109517712,9711932
2023-08-29,554.2400512695312,555.6380766224023,551.3476093726454,553.0831215882818,13144855
2023-08-30,547.0571899414062,556.9878951511408,545.8037514005196,556.0237478716156,15281416
2023-08-31,541.2240600585938,549.8531901110308,539.3440199124148,548.8890428168341,27898476
2023-09-01,549.1300659179688,550.7209324523909,541.9471569863232,542.5256806565127,18121168
2023-09-04,554.9149169921875,555.6862229936563,548.0694953146975,551.4922061534426,12108655
2023-09-05,552.4563598632812,557.5181327939658,550.8654934034583,554.9631191092507,14444729
2023-09-06,550.0460205078125,553.6615727898534,547.6356523197853,553.6615727898534,20609936
2023-09-07,558.2894897460938,560.1695887755602,547.635673708293,547.635673708293,12390597
2023-09-08,562.53173828125,567.4006702412167,558.9161860069856,560.169565692688,14032068
2023-09-11,570.4859008789062,571.0643656508981,564.3635309487681,565.9543973420567,10946134
2023-09-12,567.2560424804688,572.9445351099214,563.6887445349923,572.3660702665688,16093060
2023-09-13,575.065673828125,576.560090386674,562.531758819719,567.304299765373,19377172
2023-09-14,575.8851318359375,582.0556976801864,573.8604461806968,576.9939246952075,13178911
2023-09-15,577.3313598632812,579.163263171742,573.8604533120565,577.8616290798742,11756389
2023-09-18,582.2967529296875,586.587220031729,575.6441132571398,577.331370972233,19305055
2023-09-20,579.5488891601562,585.0445402613964,577.9098859106114,579.3078523473552,21314600
2023-09-21,567.063232421875,584.8517022259392,563.6887170242877,578.4883538720975,23453425
2023-09-22,576.7047119140625,580.4166553572468,570.1967178548243,572.2214035789467,18784139
2023-09-25,572.7516479492188,579.9345565537149,569.2807414736828,579.9345565537149,9712784
2023-09-26,573.0891723632812,573.6676371981744,570.0520848628917,572.7034899087656,8327427
2023-09-27,568.6058349609375,572.9926931348808,567.1114185078637,572.1731915193855,9865347
2023-09-28,568.7987060546875,573.8604793320803,567.738108726534,570.052085763523,21960816
2023-09-29,577.09033203125,578.488357330842,570.1002643801689,571.5946808672312,12189735
2023-10-03,581.3325805664062,583.2126794228604,568.4611798159711,575.2102103849722,15322196
2023-10-04,565.2313232421875,578.9222259114165,563.4958699679197,578.48834788113,24914612
2023-10-05,570.9198608398438,573.0409378728881,566.0508697813017,568.8469205566893,13248028
2023-10-06,572.9445190429688,577.4760230117589,570.9680288955789,572.1250173967202,8216780
2023-10-09,564.12255859375,567.8827565818558,560.6998474669198,566.9186092871498,9189597
2023-10-10,570.437744140625,573.6676138901629,564.749251825484,565.9544358882783,10373508
2023-10-11,567.2560424804688,575.5959401945697,566.5329320028374,575.4995490029714,14220119
2023-10-12,565.0385131835938,571.7393486854555,564.0261702883498,569.6182128568753,11983797
2023-10-13,555.4934692382812,560.4587923356951,554.1918351248179,557.0360813206687,19064577
2023-10-16,555.0113525390625,558.0001852843412,551.0101181684682,555.3487805162515,11290293
2023-10-17,555.78271484375,559.1572303451123,554.6739219259789,556.9878989513794,10765224
2023-10-18,552.1189575195312,558.4823059606506,548.9372244520923,557.0360850561344,11777454
2023-10-19,550.720947265625,553.420547925152,546.6715168528941,549.371117512421,11441499
2023-10-20,542.9113159179688,549.5639557633297,541.9471686271559,549.4675645730006,11110988
2023-10-23,533.125244140625,545.7073542311729,531.2451451967778,542.9113036124381,11875035
2023-10-25,536.2587280273438,540.6937819693302,533.7519097953203,538.5726461874272,12134624
2023-10-26,527.3885498046875,533.0770421621733,523.7248019958954,531.6790168695493,19424825
2023-10-27,541.0313110351562,542.3328864238197,530.2810445032903,530.2810445032903,10415296
2023-10-30,544.93603515625,546.3822560251111,536.5479423474799,542.8148994458782,8593704
2023-10-31,545.2734985351562,549.0818921729843,542.95958030296,546.6715239018123,13039696
2023-11-01,546.093017578125,549.2264960926518,543.6343950507638,545.9483719540883,13575575
2023-11-02,551.588623046875,554.8185516709641,547.2499603836425,550.6244757883788,11148516
2023-11-03,557.4217529296875,558.7233281709723,552.8902491112981,555.3488128153236,11371371
2023-11-06,553.7579956054688,561.6158198859742,552.697457080918,561.1337462208361,16499138
2023-11-07,558.96435546875,560.3623807188147,552.0706792493585,554.1918149204695,17923281
2023-11-08,559.49462890625,561.7121557781876,558.2412492696659,561.0372997909418,15434808
2023-11-09,557.6145629882812,560.9890785114845,555.8309140361974,560.1695768517445,12434363
2023-11-10,558.7233276367188,560.1695485020424,554.7703474769183,557.0842655533097,6773038
2023-11-13,560.5069580078125,561.6157508400668,554.5774879637208,560.1695300224528,11282362
2023-11-15,563.7369384765625,566.9186127994279,561.7121938370072,566.1955023239185,11397676
2023-11-16,563.688720703125,566.9185904945721,562.0014629933197,563.7369162968865,8622660
2023-11-17,542.8630981445312,553.902595942704,541.9471464863035,553.902595942704,37173221
2023-11-20,543.5380249023438,546.4786623142577,540.5009374550467,543.7790617204822,12714585
2023-11-21,541.3687133789062,546.3340955532802,540.8866397249625,545.7073762644006,14280013
2023-11-22,538.9100952148438,544.2611004650989,535.246347583391,542.7666840578206,14909071
2023-11-23,539.874267578125,543.2969785663546,538.2834010675289,541.6097208689436,6376210
2023-11-24,540.2598876953125,542.2846322273022,539.1993492596594,541.802558602573,6529851
2023-11-28,544.2129516601562,544.9360621303805,540.9830229183594,543.3933911524404,8153314
2023-11-29,548.214111328125,548.5997937728681,544.8395959006997,547.6356465078894,10299034
2023-11-30,544.502197265625,549.7568119125536,543.4416587556975,549.3229338505354,19758998
2023-12-01,551.2511596679688,553.6133320690648,546.2375824761655,546.6714604840198,10614230
2023-12-04,573.37841796875,574.6317977044337,563.5922992174134,566.9186192117567,26077882
2023-12-05,586.4425659179688,589.3832032666363,573.7158104246026,573.7158104246026,36430152
2023-12-06,586.6354370117188,591.9864427624263,582.8752389993938,591.9864427624263,21439069
2023-12-07,589.7689208984375,590.5884225726319,583.3091221564198,588.1298587031671,10725706
2023-12-08,592.131103515625,594.6860586201612,583.6465599734173,588.1298685759048,17722136
2023-12-11,592.2274780273438,597.6749338019196,591.1186850954592,592.9505885011256,11706255
2023-12-12,590.44384765625,595.7948535613543,588.9011766221438,594.8789018296793,14494836
2023-12-13,597.6266479492188,598.2533671989761,589.7206875955662,592.4202881197557,13977914
2023-12-14,601.2904663085938,605.2434465626046,600.0852822254344,603.5561888461816,15813797
2023-12-15,625.0084228515625,626.6956804527815,597.6266188130294,605.4844420374566,29813572
2023-12-18,625.24951171875,632.1431883165444,619.3682368434937,623.4658627876797,16221796
2023-12-19,631.9021606445312,635.9515322057881,617.2953055873893,625.2495207706708,19964008
2023-12-20,613.6315307617188,636.7228692336894,611.2211626299238,635.0838071346933,22542056
2023-12-21,620.6697998046875,625.6833773355924,605.002406799909,609.4857151061817,19915516
2023-12-22,613.9207763671875,626.1172629150401,612.3781642684246,621.6339545547611,14998068
2023-12-26,615.1741333007812,618.3076118235898,612.8602152382182,615.9454393216356,10153089
2023-12-27,625.2976684570312,626.1654244947468,616.0900742651665,617.777331902043,14417646
2023-12-28,628.0455322265625,629.8773766643785,623.3211872377498,626.9367393678991,16982092
2023-12-29,619.03076171875,626.3100620587661,616.6203934706069,622.3570816705638,13221898
2024-01-01,618.3558349609375,623.7068994465233,615.1259651092256,619.1753954576906,8295548
2024-01-02,616.5239868164062,624.7674342489258,611.1247267678557,618.355831330922,15164482
2024-01-03,620.3805541992188,624.7674123778669,613.0048042643401,616.4275152016644,14571772
2024-01-04,619.7056274414062,623.2247883433014,615.7526473667616,619.4645906357115,13883388
2024-01-05,618.9343872070312,628.3830192250042,614.8849566716478,621.875024779636,15984585
2024-01-08,604.5203247070312,621.8749751770896,602.6402258033993,617.0542389354067,14739531
2024-01-09,602.9777221679688,611.6067930993104,602.1099660920149,609.3410705687005,13400235
2024-01-10,599.4585571289062,602.8812681223897,596.0358461354228,602.399194493818,12742464
2024-01-11,597.9641723632812,604.6650079251884,596.3251101698327,603.5562149819164,15533860
2024-01-12,610.8836669921875,613.6797175235832,598.8318265066497,601.4350358209014,16620797
2024-01-15,617.150634765625,622.3570534845726,613.2940457432574,615.9937051364175,16844018
2024-01-16,614.0654296875,621.7786079716733,610.7391097830742,617.054262733865,15025543
2024-01-17,603.5562133789062,613.9689925112747,600.6637714617549,601.627918767472,30016308
2024-01-18,605.773681640625,610.7390633220803,596.8553199279997,603.3633136101857,14695436
2024-01-19,605.2434692382812,612.7156108338156,602.3028317345762,610.3052425771916,11675202
2024-01-23,583.4054565429688,612.137090641516,579.1150485116219,604.5203041005418,30954343
2024-01-24,596.1322021484375,600.0369865400962,581.4771529351829,588.0815965650563,19221835
2024-01-25,590.78125,601.4350657500038,584.514292635659,596.3250968992248,22684904
2024-01-29,600.6155395507812,606.9306922520184,593.5290219741044,596.8071461540897,19572140
2024-01-30,604.279296875,610.7872908979857,601.8207331245812,603.0259172029118,16966577
2024-01-31,617.5363159179688,620.1395252720102,599.6995917267393,603.9418631812425,23270745
2024-02-01,624.4299926757812,629.5399613532924,610.5462486775638,619.7056475917949,26587707
2024-02-02,626.3582763671875,636.8674459475857,623.5140302472481,628.623998836513,27471811
2024-02-05,619.8984985351562,631.3236201370446,615.8490682349207,623.8996743944258,28339525
2024-02-06,626.936767578125,631.5164671490533,614.8367310074694,621.3447251345781,14079390
2024-02-07,651.0404052734375,653.6436145166939,631.5164242193285,631.5646198105808,41696232
2024-02-08,674.46923828125,693.1255240196265,654.1739491949825,656.0058526209428,74222434
2024-02-09,699.247802734375,702.2366357119648,669.3110419771705,678.4222453850707,43235061
2024-02-12,682.5198364257812,699.9708774628965,679.2417123589678,699.9708774628965,22873137
2024-02-13,687.8709106445312,692.2577691391986,676.9760578021069,683.1465652829623,23351472
2024-02-14,716.7470703125,721.6641976192514,680.2540625529531,680.2540625529531,36782182
2024-02-15,734.3909301757812,736.6084569548306,715.0597906860668,720.8928694462425,33941282
2024-02-16,727.6419677734375,746.8284634371934,726.3403336305333,736.0782565173563,27365121
2024-02-19,732.02880859375,737.5726553496461,723.1104464212216,731.4985393690836,13979584
2024-02-20,732.8483276367188,736.1264519437863,726.967052738199,731.8359847570562,12528399
2024-02-21,743.839599609375,749.6244830800896,732.3662238537067,733.3786255385841,21465311
2024-02-22,738.4403686523438,745.2857902765477,729.8594349797497,745.2857902765477,18799244
2024-02-23,731.8359375,742.8754349674641,727.9311530180862,738.4403812825284,14143636
2024-02-26,731.69140625,738.8742565255047,725.7136812472469,727.9312082579945,11355186
2024-02-27,722.9658203125,735.0176614115741,715.590128867995,731.6914003457339,13969393
2024-02-28,715.8793334960938,729.6184318157158,714.4331126203441,722.965792248516,11263318
2024-02-29,721.2785034179688,726.8706043069235,710.721138558327,717.2291322182092,19217113
2024-03-01,741.5738525390625,744.3216485578118,724.9905087033734,725.0387042946561,17348526
2024-03-04,744.369873046875,749.1424137066598,741.4292357019581,746.635654393883,9789141
2024-03-05,755.84326171875,758.7357035196916,741.525639495962,741.9113219415058,18088847
2024-03-06,755.7950439453125,761.9655509647814,745.1894243197579,755.5540071356407,26710525
2024-03-07,759.7962036132812,764.954426539321,754.9272719302329,761.6763024583448,15497868
2024-03-11,745.9607543945312,764.375943708488,742.9236669559873,761.6763431224929,16778340
2024-03-12,732.4627075195312,749.8655543236582,730.1969260813347,742.3934128308799,21529705
2024-03-13,720.4590454101562,736.3192797248611,716.3614195245849,731.450347794911,27950252
2024-03-14,714.4813232421875,723.8817591322932,707.7322923467271,723.0140618967187,19730882
2024-03-15,705.659423828125,719.7841462932436,697.0784894237145,712.7458828582031,29792241
2024-03-18,704.7434692382812,711.4443046336356,696.2107304639793,701.0314668855465,18145126
2024-03-19,697.8497924804688,708.0215345586139,695.294837485665,703.8275174114212,15205043
2024-03-20,709.8534545898438,712.4566640874273,693.9932196245381,699.1514430237444,25405455
2024-03-21,717.61474609375,723.6888616581621,713.999194109353,715.3972193126948,15161161
2024-03-22,719.9287719726562,721.9534576831707,714.8188032557894,717.1809169690966,15535921
2024-03-26,713.5172119140625,721.0375492356,712.0227953384497,716.4096538721063,14678342
2024-03-27,707.0092163085938,719.1092533764988,704.0203831624405,716.3614570597734,30088789
2024-03-28,725.3761596679688,732.3180316341789,710.480131739764,711.299633363139,21705116
2024-04-01,731.1128540039062,734.1981369990166,725.1351292346699,731.8359644474378,9949971
2024-04-02,738.9224853515625,741.1882078791733,726.3403165012812,731.0164660314755,15713063
2024-04-03,743.40576171875,744.9001782599978,732.8965914876521,737.4762911492417,19136981
2024-04-04,732.0770263671875,747.5033830248789,730.9200378484845,747.2141506069232,15889530
2024-04-05,737.3316040039062,740.1758501398218,725.6171914639816,730.7754145215962,9939620
2024-04-08,740.7543334960938,742.3933956194346,734.4873762603453,738.5850021452578,9797174
2024-04-09,736.8013305664062,744.7555452746966,733.8124388224375,740.8989563252226,7465892
2024-04-10,751.118896484375,752.7097629710994,736.2710642780829,739.0188603767406,14530669
2024-04-12,738.8259887695312,751.5527435992136,737.3797679672235,749.3834123957522,14408722
2024-04-15,730.341552734375,735.9335950981468,721.9052641714367,732.5590796729715,11356572
2024-04-16,724.74951171875,727.8347947397396,717.7112484453821,724.315633679616,13338991
2024-04-18,718.0968627929688,732.7037172254089,715.3972622519597,725.0869303823578,14589648
2024-04-19,723.5443115234375,725.0387279832828,705.8039786829678,708.166151201757,10886554
2024-04-22,738.6331787109375,741.4292292520696,723.5443096786286,727.1116662441453,17452186
2024-04-23,745.2858276367188,749.8173315016863,738.1029188222026,742.7308138738571,12292429
2024-04-24,745.3822021484375,750.5886207443748,742.5862104814081,750.5886207443748,7842615
2024-04-25,783.5625,785.2015621323537,742.0559716951439,743.0201189674838,36732974
2024-04-26,772.5712280273438,787.611961377191,770.257309790593,786.6478140668245,14964358
2024-04-29,796.8677368164062,801.4474364532822,770.0644538689087,778.0668646229158,27302732
2024-04-30,796.626708984375,804.91835225018,790.5043971499949,796.8677458100889,27449073
2024-05-02,800.2904663085938,804.0024687760509,795.4215341417088,797.2534375772727,19943724
2024-05-03,801.6401977539062,806.2198969341655,790.6007005921169,804.8700673212338,22667634
2024-05-06,778.838134765625,806.0270989146577,774.2102397469739,805.0629516671522,35283557
2024-05-07,773.149658203125,785.4425349233778,764.7615658481657,782.8875213212029,16725013
2024-05-08,781.7305297851562,792.5289900811847,770.8356783088896,773.8245110587671,27908322
2024-05-09,790.4078979492188,809.5462560286481,774.7405052523084,782.7911700385396,49290254
2024-05-10,788.0457763671875,802.2187535230167,786.3585185830859,797.3498214011286,20543142
2024-05-13,779.8023071289062,790.456122787604,769.9679931182314,790.456122787604,15398505
2024-05-14,788.8652954101562,792.9147256484775,778.9345904580701,783.8517179173241,10912462
2024-05-15,790.8899536132812,795.7106897182591,788.7206223660413,791.5648684373534,9755062
2024-05-16,782.8394165039062,796.5303200119738,768.7628305348695,795.7107594941345,20536990
2024-05-17,788.5277709960938,792.9628834636741,782.1162273671808,785.2979013861104,12492509
2024-05-21,800.8689575195312,806.3163543151672,790.2150830532505,791.5649127770058,14037801
2024-05-22,802.6334838867188,810.3780018937406,797.5358302513197,810.2799344229562,19239277
2024-05-23,815.7206420898438,819.0537392891404,805.8194777925474,808.4663420586099,17497488
2024-05-24,812.28955078125,824.6905681013441,810.7210696223614,813.6620166705683,12252075
2024-05-27,817.2891845703125,822.876995845969,806.7997949535047,816.2108014350272,12295193
2024-05-28,814.7894287109375,824.151431802395,807.093914464433,819.2498532378913,13818893
2024-05-29,806.4567260742188,818.0244392460639,803.1726326134542,812.0935412900568,14518232
2024-05-30,809.5936889648438,819.5439171556648,803.1726331596147,805.2313320096405,17818705
2024-05-31,814.005126953125,818.5636189442075,801.0159437782618,814.3482733523172,22267336
2024-06-03,887.8229370117188,894.0479177688353,839.8854753820721,846.5516101706216,64269020
2024-06-04,759.9407348632812,879.3431739398783,717.542081270305,879.3431739398783,122381193
2024-06-05,774.2042846679688,779.3509418310036,729.4038474915685,775.1846003180706,74256082
2024-06-06,800.868896484375,816.9460375302097,780.3312712846982,784.2525339544707,40555649
2024-06-07,813.613037109375,815.1325144961712,794.545884544975,803.7608761709042,25061284
2024-06-10,815.4265747070312,828.8079077389773,812.877777859861,817.7303524667053,16725508
2024-06-11,819.102783203125,823.0730498797147,812.730731059502,819.5439372413512,14754408
2024-06-12,822.5828857421875,828.905934018559,816.6029838634709,820.5242466911467,15071442
2024-06-13,827.2884521484375,829.2490835697314,819.6419417384134,828.3667754966601,12523972
2024-06-14,822.680908203125,833.1702976600134,818.6615781244269,828.3667270254315,12903496
2024-06-18,828.2687377929688,834.7387973148866,823.7102459704445,824.9846443812804,14929083
2024-06-19,835.817138671875,843.6596642417119,824.4455005291003,830.1313196004876,32925140
2024-06-20,827.141357421875,836.3072851232247,825.7688915323681,836.209277488426,13985352
2024-06-21,819.8380126953125,831.3567222370788,812.2895697948148,828.2687636644131,18990090
2024-06-24,816.3088989257812,819.543928783181,804.8881970373593,815.1325081138934,12715254
2024-06-25,825.6708984375,829.2000110244921,817.8773766546938,820.5242410117988,20917530
2024-06-26,828.7098388671875,832.0919399410025,819.5439111626723,823.3181026095383,16281760
2024-06-27,827.3864135742188,830.7195107377448,821.7495985528304,827.288405942117,20378887
2024-06-28,832.239013671875,846.992752780768,827.386439058991,830.2293784821371,23636388
2024-07-01,825.3768310546875,833.7585184800706,823.4161996179325,832.6311314704473,10967797
2024-07-02,809.8878173828125,829.6411422984175,806.9468703630849,827.3864282167037,21142840
2024-07-03,823.4161987304688,827.2393941277866,808.760466789776,812.6817296590598,23598009
2024-07-04,822.7789306640625,828.2687343216311,817.8773523092979,826.4061106133324,13372587
2024-07-05,842.826416015625,844.2968895533086,820.5242340274244,821.5045497192135,24873722
2024-07-08,839.3953247070312,847.9730871492928,836.6994565108919,842.8264296839359,10359800
2024-07-09,844.3458862304688,852.8256408262188,839.1502250746712,842.9734801738035,13585081
2024-07-10,832.2880249023438,843.3165764690709,826.8962885808327,843.1695051813592,17343236
2024-07-11,839.8364868164062,841.4049680302959,833.0232806157347,837.5817726337938,8501366
2024-07-12,842.7774047851562,846.0124345728623,838.4639918457344,839.8364577356562,11446064
2024-07-15,864.001220703125,869.8831149197468,842.7774216383809,842.7774216383809,25392820
2024-07-16,863.364013671875,870.6183136551655,857.0899695148005,864.9324947942838,11893692
2024-07-18,875.9610595703125,877.2845216320075,860.2270049507774,863.315023261012,19435183
2024-07-19,871.84375,881.3038205050954,865.912851939986,877.3825576774864,14562742
2024-07-22,859.540771484375,877.382528728047,850.914005515022,864.0992633045507,14614111
2024-07-23,846.8947143554688,867.0891928212089,832.385994861864,865.618719345537,18279212
2024-07-24,835.2289428710938,850.9139934414429,830.5234396667329,847.1888058977289,19624845
2024-07-25,831.7978515625,834.0035618347636,824.6415590903446,830.8175358859385,9522375
2024-07-26,845.4732666015625,847.2378228513442,827.386430415429,828.0236595382181,12081506
2024-07-29,854.443115234375,871.5986394833856,846.208499495082,849.0023752250042,26582781
2024-07-30,855.6195068359375,863.2169532964333,851.8943192478578,857.4821305468374,13528447
2024-07-31,855.2274169921875,857.727209991399,850.9140040978348,856.6488268509507,11636874
2024-08-01,845.6693725585938,864.0502921513843,842.5323503146797,860.5211196893349,11787203
2024-08-02,831.16064453125,841.4049555903533,829.494155703777,839.8364743996533,12609331
2024-08-05,795.6732788085938,814.9854506435058,784.2525767265245,813.6620483537691,27676951
2024-08-06,781.9978637695312,810.2799484288843,779.988228505242,806.4567530115417,17900930
2024-08-07,792.7322998046875,794.7419349850848,784.7917068840424,793.0753863597355,17692355
2024-08-08,792.1441040039062,801.7021822548979,786.9974464841414,796.01636305695,14769069
2024-08-09,808.07421875,813.6130263830515,793.6145621891944,799.9376104147318,15320885
2024-08-12,796.6044921875,806.799799123275,795.2320861451166,804.4470175738744,16120449
2024-08-13,781.8507690429688,803.8588683191833,779.3999798102883,797.4868163142143,17585172
2024-08-14,787.1934814453125,793.2224467373169,784.6446846418667,785.183846292551,11788665
2024-08-16,796.1143188476562,798.85925054641,787.1934703278642,787.1934703278642,11427335
2024-08-19,797.682861328125,809.1525664711355,796.6044782061931,798.9572597142997,10151482
2024-08-20,804.1529541015625,806.7998184496117,797.3397480422,801.8492361476191,10347493
2024-08-21,799.4964599609375,804.8391925113443,795.2321105845307,804.1529595522029,14607257
2024-08-22,804.1529541015625,807.6821265102021,801.0159319051235,802.8785556624933,7832917
2024-08-23,799.3003540039062,805.8194771135562,798.4671096216442,805.3293192807621,5537747
2024-08-26,799.0062866210938,807.2409623037237,797.7808920155667,801.8982298568817,8523795
2024-08-27,799.839599609375,803.3197083604263,795.0850325876467,801.702163529934,12833290
2024-08-28,793.467529296875,801.1139795760346,790.6245899129868,798.7121942115388,10371300
2024-08-29,798.4671020507812,799.937575535221,791.0657308125117,793.6145275853862,18247268
2024-08-30,799.5454711914062,804.5451172254517,798.3200765507661,801.0650084127782,8911426
2024-09-02,805.966552734375,809.1525786646832,797.04564422928,801.2119858304522,11813750
2024-09-03,808.5643920898438,809.6917790988241,800.3297759604034,805.966591337859,10548350
2024-09-04,800.427734375,802.5354369721819,797.6338586845211,799.3984149013352,10789570
2024-09-05,802.6334838867188,805.9665812189434,798.369134501237,802.2413336710257,8395074
2024-09-06,767.0970458984375,796.8986675256167,761.7053094735923,795.5262015930762,40220096
2024-09-09,768.8125610351562,772.6848198824725,755.8233784610844,769.5477977846319,21322103
2024-09-10,767.2440795898438,773.2729850328517,762.1954299786836,772.4887444671417,12824701
2024-09-11,753.4706420898438,772.4887910829905,750.3336796377038,764.6952691046852,20060665
2024-09-12,772.24365234375,774.3513549221617,757.5389176117205,759.7446278215249,17578964
2024-09-13,775.2826538085938,779.3509879306515,769.6458384870828,775.429725098296,12950936
2024-09-16,770.0869750976562,779.3509702962235,768.9596479590956,775.2826362662203,9553736
2024-09-17,767.4891967773438,771.9986251303302,765.1854189481497,770.1360013393838,10665630
2024-09-18,777.145263671875,779.1058950529456,766.6068699986203,768.3714262748396,18324412
2024-09-19,774.400390625,785.5759535812824,768.6165041254203,779.3999767062683,10645478
2024-09-20,766.3128051757812,779.203920907502,764.1560986394321,779.203920907502,21372244
2024-09-23,786.0661010742188,789.1541193879206,769.0576480246257,770.5281215390131,17309545
2024-09-24,782.5369873046875,788.4188813527027,780.8214348740164,783.5173029793567,15180653
2024-09-25,777.4883422851562,782.2919130531816,773.1749891911104,782.1939054186181,18465571
2024-09-26,786.0661010742188,787.193488035404,776.0178653925714,780.331278301596,23198842
2024-09-27,786.8504028320312,792.095067775522,782.7330650179391,786.0661024227028,15193681
2024-09-30,772.3907470703125,786.8013396781569,770.9692773696576,786.1151665701419,15484573
2024-10-01,781.2625732421875,784.5956105690549,772.4887361629332,772.4887361629332,13280535
2024-10-03,778.4686889648438,788.1738385219239,768.861606879953,774.3514108096929,15944135
2024-10-04,780.968505859375,793.9086248930724,769.7928832389414,776.4100140404223,20097454
2024-10-07,755.4802856445312,788.1737888998624,750.3336284408941,784.2525262685198,24267990
2024-10-08,766.0676879882812,768.9596311652928,757.0487719081607,757.0487719081607,8560960
2024-10-09,781.7037353515625,788.5168813576186,766.6558539907494,771.214345767345,18758697
2024-10-10,781.4096069335938,788.6149631033948,779.3509679329196,783.2722306646576,10241015
2024-10-11,784.0074462890625,786.8993894424932,777.3903156076607,781.5076533317213,14322720
2024-10-14,789.3012084960938,793.3204789260238,785.036799307843,786.2131901126612,8967564
2024-10-15,788.81103515625,791.6049109083206,785.821024467886,789.6442795500336,6252104
2024-10-16,789.5952758789062,793.0753845737652,786.2621786357137,786.9974153952073,6494240
2024-10-17,795.0850219726562,803.3687014528558,790.1344397449686,793.5655446321986,18580553
2024-10-18,804.2510375976562,806.4076843065691,787.0955125621578,795.1340535689559,11704698
2024-10-21,797.927978515625,810.1819248045383,793.0754038184709,808.4663723240905,10359618
2024-10-22,774.841552734375,800.7708551163644,771.9986132726441,797.9769793065807,16645356
2024-10-23,770.5281372070312,776.9981968684108,764.4501679238956,774.4493999917999,13866198
2024-10-24,778.9097900390625,781.3115753553931,769.2047009756573,770.5771069894755,5607500
2024-10-25,765.5775756835938,784.9878150281925,756.8037379978327,782.2919467905059,9717125
2024-10-28,776.4590454101562,788.1248262816986,768.1263618829754,768.3714408102454,13757251
2024-10-29,816.3088989257812,818.4165417897631,774.9395642381633,780.3313006117369,28274791
2024-10-30,806.2606201171875,816.6029382811352,804.8881542706223,811.701360020144,15977682
2024-10-31,804.054931640625,811.7013819677803,797.5358084437482,803.8588565381399,13402324
2024-11-01,805.0352783203125,809.3486315724846,802.7805641392085,806.2116691468042,1637141
2024-11-04,813.5149536132812,821.0143925955531,791.2127716054617,806.5057323110566,14498161
2024-11-05,832.4840698242188,834.6407762413705,809.9858134770826,813.5149259169897,26254561
2024-11-06,837.9738159179688,844.4439351874554,829.543125158185,832.48407214421,15002433
2024-11-07,842.6793212890625,845.4242530166981,830.0332851169691,844.0517871528804,15283847
2024-11-08,826.55322265625,846.5026236103943,817.7793850018238,842.6793683716584,26139105
2024-11-11,830.964599609375,837.1895801654074,825.4257921537154,829.3470548242794,12621337
2024-11-12,810.427001953125,836.6014431355901,808.0742203373242,835.7191350712344,11350729
2024-11-13,792.7322998046875,815.3775681145983,788.8110370785578,807.1428924562375,13756706
2024-11-14,788.4188842773438,801.8982248540469,785.2818621400214,792.732297195377,9461484
2024-11-18,798.2710571289062,800.623838726437,783.5173179107193,795.0360273075926,9322451
2024-11-19,787.1934814453125,804.1529305358586,784.3505420744752,802.8785321341356,13677029
2024-11-21,765.3814697265625,782.7820731049121,746.5593966407021,782.7820731049121,29486577
2024-11-22,799.9866333007812,803.8098885516449,768.6165301838633,770.5281578092952,20665405
2024-11-25,827.8275756835938,832.8761654605977,809.3976531392633,810.721055354177,23434605
2024-11-26,822.8770141601562,830.0333067307656,819.1027628532369,827.3864424008906,8893744
2024-11-27,817.6812744140625,825.9159499554146,815.7206430788567,821.9946872850031,8375108
2024-11-28,822.3377685546875,829.1509743675217,814.1521567162539,817.6812691634748,13505677
2024-11-29,822.4358520507812,827.4354380874087,815.181492082223,824.5434948634407,10822949
2024-12-02,819.93603515625,825.4257788732257,816.308855277593,822.4358281017708,6651119
2024-12-03,837.1405639648438,839.7383645454308,820.4261940455666,821.5045173305319,12186182
2024-12-04,842.7774047851562,846.9927502560289,833.562413429901,837.1405896069477,10749716
2024-12-05,848.4142456054688,854.2961398822408,838.7580999342011,843.0715130039896,14716036
2024-12-06,846.649658203125,858.2173712226388,840.1305350189066,848.2181393525192,14520568
2024-12-09,841.1598510742188,849.7866170280626,840.0815277676334,842.0911629301171,9630346
2024-12-10,850.423828125,851.8452977871689,841.1598332466929,844.8360169417576,7379849
2024-12-11,844.6399536132812,852.7275578551114,844.0027843308235,850.4238399742597,7006973
2024-12-12,836.8955078125,847.2868300848979,834.3957147957527,844.5419581482005,8845103
2024-12-13,844.5909423828125,845.91440442009,818.5635736543202,835.8171052852829,9379370
2024-12-16,844.0028076171875,849.3455401092758,840.9147892516194,842.8754206370667,6432713
2024-12-17,833.8074951171875,845.6202871717958,830.37639021472,841.6500206085419,8791216
2024-12-18,821.651611328125,835.2289595659852,820.5242243623587,834.2486438857434,8295338
2024-12-19,816.4068603515625,821.5045136920517,804.0549071102052,808.3682600646816,9453398
2024-12-20,796.016357421875,819.5439344885314,794.0557259996536,818.4656111397987,10244198
2024-12-23,804.9862670898438,807.780142922531,796.2124295415985,801.2120157160039,4933200
2024-12-24,796.0653686523438,809.9368600271976,793.2714927831553,808.0252324059893,10602771
2024-12-26,796.45751953125,806.6527671299033,792.0951026058469,796.9966812110812,8318714
2024-12-27,783.9094848632812,802.1923370345046,781.507699396533,800.2317056059302,10649800
2024-12-30,772.7828369140625,792.0460639180922,769.5478071437691,786.2131736679016,21515438
2024-12-31,779.3019409179688,783.4682824464205,770.5281038501324,771.4594156879419,9086044
2025-01-01,777.58642578125,782.9291583169418,773.9592457218257,779.8901437444632,7273098
2025-01-02,785.428955078125,786.6053458912669,771.508460095677,779.3509857383269,11398319
2025-01-03,777.782470703125,793.5655289387714,776.557076124776,785.4289209052785,13336514
2025-01-06,761.1171264648438,781.8997712481304,757.9311004689307,781.7037559768974,11419367
2025-01-07,763.4208374023438,768.4204234473491,759.5975823088309,764.4991607191188,9669152
2025-01-08,755.970458984375,768.5184876953866,745.1379228760546,765.5285368443842,15641490
2025-01-09,745.4810791015625,756.1664842319951,711.9542705064919,755.9704689607948,15351029
2025-01-10,728.61962890625,748.3730137848589,727.4432381239155,745.3830030949237,11779296
2025-01-13,715.1403198242188,729.3058939862478,708.2781097642194,726.9041084985033,10414733
2025-01-14,733.4232177734375,742.0989878190752,718.5224071080802,718.5224071080802,11960975
2025-01-15,738.8639526367188,743.9616062267667,735.2367725918546,738.3247909702291,7792299
2025-01-16,751.2158813476562,761.4111881866247,745.4320548303559,745.4320548303559,11816079
2025-01-17,749.0592041015625,752.8334554551853,744.4517681682984,751.215910613101,5766573
2025-01-20,763.9110107421875,769.5478260283826,752.735387806503,753.8627747972309,9198929
2025-01-21,744.1085815429688,769.4497769744905,741.1676345954302,769.3517095093413,13751780
2025-01-22,738.6188354492188,747.9808379018228,723.4729467516976,747.0005222558178,9908339
2025-01-23,731.2174682617188,740.7755458622017,728.4725365710152,735.2367384986907,10986405
2025-01-24,729.501953125,738.8639561065576,724.4533033293378,735.138768408009,10579213
2025-01-27,734.4525146484375,740.4814201410142,721.4143281559363,725.4335984843208,11433353
2025-01-28,737.5895385742188,744.7948348595096,730.7273288420482,742.0989667504426,14140860
2025-01-29,743.5204467773438,745.8241647145189,735.0406921284334,738.1777143020389,9251973
2025-01-30,747.5887451171875,749.9415267817568,739.8932906386025,743.6184784127346,11085824
2025-01-31,757.68603515625,762.2444673012822,744.5497807267266,749.8435094869757,10083763
2025-02-01,750.9218139648438,763.4208389361906,737.3444656745553,759.548580017539,9363077
2025-02-03,745.9712524414062,747.7848125737272,738.3248018604113,747.7848125737272,7862190
2025-02-04,763.8619995117188,765.8716347144651,750.5787338459753,751.9021360972733,12020807
2025-02-05,750.9708251953125,766.6068724766379,749.9415056836675,764.6462410892296,13419162
2025-02-06,737.4424438476562,755.6762909086074,735.2857374622155,753.8627308990996,32745391
2025-02-07,722.688720703125,744.9418982807152,717.3459883584466,744.8438308139157,37240692
2025-02-10,722.2965698242188,729.256846944206,718.963532464286,725.4335919181764,12667049
2025-02-11,716.7088012695312,725.5807064311172,712.2483766958933,722.9338420118377,13017060
2025-02-12,718.7184448242188,724.1591847308209,703.0333943785369,718.7184448242188,12697743
2025-02-13,713.3267211914062,722.9828066071801,711.8562476864424,719.9438519637431,12370571
2025-02-14,707.9349975585938,718.4733911976853,702.1021072520733,716.5617636405941,10417539
2025-02-17,713.375732421875,714.4050519193028,697.5436102537428,704.8959778549706,9093600
2025-02-18,711.5131225585938,713.9149079885333,703.2294429330741,713.3757463206829,8562003
2025-02-19,712.9835815429688,720.3849529544706,707.8369242269698,707.8369242269698,6766606
2025-02-20,715.3363647460938,717.100921006022,709.1113242684337,710.6308614417115,7423268
2025-02-21,707.7879028320312,717.2969766512275,705.8272715222472,712.983563836215,6571602
2025-02-24,702.2981567382812,705.5821902376468,696.5142704603655,696.5142704603655,6912148
2025-02-25,696.9064331054688,704.7979622750793,696.0241250697796,704.7979622750793,8599635
2025-02-27,690.0442504882812,703.5725952859297,687.2993186401222,701.9060466163252,12033139
2025-02-28,675.241455078125,687.5444053811439,669.1634856554016,687.1033111747046,15780609
2025-03-03,681.6134643554688,683.6721631354309,666.6146467698901,676.5648746220754,10598479
2025-03-04,701.9550170898438,704.3077986097232,678.4764450422322,679.3587530706169,14386214
2025-03-05,715.9735107421875,716.9048225760387,702.8863207536921,703.425482394221,10409805
2025-03-06,717.6400756835938,722.2475713084986,712.6894935069948,721.5123345545368,10928847
2025-03-07,718.3262939453125,720.3849328808595,713.6697945986864,717.6400610222238,7246729
2025-03-10,714.5521240234375,723.9631306303024,712.2973500895013,718.3263154629034,7400109
2025-03-11,715.4833984375,719.6007363944591,708.4741769972491,710.6308835302965,5538789
2025-03-12,708.8172607421875,722.4926768362947,704.8959979099689,716.2186323712558,5547762
2025-03-13,713.5227661132812,717.0519385721029,710.2387324158618,711.6111983443574,5908337
2025-03-17,708.915283203125,716.8558160007225,708.0819790039528,714.5520981665495,5149563
2025-03-18,708.915283203125,708.915283203125,708.915283203125,708.915283203125,0
2025-03-19,730.4331665039062,734.5505041985215,724.551272606947,725.0414304316936,7604850
2025-03-20,734.7955932617188,737.8836115337692,729.5509283979652,733.2761159507572,6963197
2025-03-21,738.373779296875,740.7265010195747,732.2958101375568,735.1877533491547,9577327
2025-03-24,765.4304809570312,767.5381836299999,740.236355685803,743.0792951283579,12095064
2025-03-25,757.636962890625,770.52813824643,754.05884649493,768.4694992151382,15190143
2025-03-26,748.961181640625,760.7739736513279,746.4613886162912,756.8037071028305,7711852
2025-03-27,757.0977783203125,760.528883157817,745.5300654063271,748.765095143516,15648616
2025-03-28,756.3135375976562,763.2737549045355,751.9021170931981,756.9017030647627,7628185
2025-04-01,756.5096435546875,767.3421201573958,748.1769600397238,751.7060726537488,7011125
2025-04-02,760.6759643554688,761.7052838533914,749.2552627425828,757.0977881876627,5458436
2025-04-03,763.8619995117188,769.2537358201085,754.7940793566994,754.8430831745769,7956680
2025-04-04,752.34326171875,767.4891505617313,749.9414763962274,763.7639032041603,8231194
2025-04-07,732.1978149414062,738.8639496862081,715.6304557983397,715.6304557983397,14923235
2025-04-08,753.4706420898438,758.764370936846,743.2263906334504,745.0399507907015,12911288
2025-04-09,727.59033203125,752.8334615673064,726.4139412123398,751.9021496759307,11319387
2025-04-11,739.0109252929688,744.7458077183372,731.3154714106737,744.0595747998677,9360327
2025-04-15,748.4710083007812,755.5292930373557,742.1969641274441,754.8430601068783,7859090
2025-04-16,756.5586547851562,759.4996019368964,745.5301029661306,748.4710501178707,12536694
2025-04-17,781.7527465820312,785.2328552596965,752.0491936119853,756.8037006997325,27034818
2025-04-21,800.6238403320312,808.1232195009724,785.6250221604275,787.1935033394458,16398507
2025-04-22,806.211669921875,819.0537818863039,797.9769939622398,804.986275275127,25117557
2025-04-23,797.4378051757812,814.6423334645151,794.1537117339047,809.740755044151,12104382
2025-04-24,797.3887939453125,802.8785377915959,795.1830836766543,796.7515648231008,12713521
2025-04-25,782.9291381835938,802.8785382468371,771.508436630355,798.9572755447768,13131038
2025-04-28,801.260986328125,806.6037186789465,781.7037366423766,782.9291312258807,11317611
2025-04-29,796.5554809570312,812.6816855994211,793.075372315961,803.858844621864,11283059
2025-04-30,773.1259765625,795.5261656735474,769.0576426012298,795.5261656735474,25635764
2025-05-02,781.0175170898438,787.5856441366993,773.4690743593894,774.7924765987593,14720184
2025-05-05,774.4494018554688,783.2722431424297,766.606876267059,766.606876267059,23986447
2025-05-06,758.8623657226562,783.4193220780548,755.9214185982945,778.3216684290833,18869468
2025-05-07,760.822998046875,766.9990348823832,749.5003635713141,750.2356003532819,15586266
2025-05-08,753.8627319335938,771.0182557422255,748.9611537025561,763.6658883956691,14491673
2025-05-09,763.9110107421875,766.312796178702,740.6285128209466,741.6088285228935,13578216
2025-05-12,785.8701171875,788.0758275471601,777.390362315762,783.272256608189,15096824
2025-05-13,785.9680786132812,791.7519649275839,781.5076543371932,782.880060357833,13909596
2025-05-14,784.9387817382812,791.6049164362635,780.6253687864404,789.8893639857823,9281719
2025-05-15,791.8499755859375,793.516524177251,778.8607930709097,788.6149458696933,17058854
2025-05-16,792.0999755859375,804.0,791.0,804.0,14733924
2025-05-19,795.0,801.4000244140625,792.0999755859375,792.0999755859375,10666184
2025-05-20,785.6500244140625,799.4000244140625,783.7999877929688,798.1500244140625,11324667
2025-05-21,787.0999755859375,791.0,779.0999755859375,787.0,8206040
2025-05-22,785.25,788.2000122070312,780.2999877929688,788.0,7355826
2025-05-23,790.5,794.9500122070312,786.2000122070312,787.9000244140625,5534158
2025-05-26,794.4000244140625,797.5499877929688,789.2000122070312,792.0,4965466
2025-05-27,793.7000122070312,801.3499755859375,790.0499877929688,794.4000244140625,11995043
2025-05-28,796.5499877929688,798.9000244140625,792.6500244140625,794.5,6873519
2025-05-29,797.3499755859375,800.4000244140625,791.3499755859375,799.0,14034127
2025-05-30,812.2999877929688,814.5,792.5999755859375,798.0,22037314
2025-06-02,813.6500244140625,822.5499877929688,809.2000122070312,812.8499755859375,26891575
2025-06-03,809.7999877929688,818.4000244140625,805.1500244140625,816.2000122070312,14247597
2025-06-04,806.5,817.0,805.25,817.0,9607927
2025-06-05,806.0,811.7000122070312,802.8499755859375,808.7000122070312,13595507
2025-06-06,813.0499877929688,816.4500122070312,803.0999755859375,806.6500244140625,17163935
2025-06-09,820.0499877929688,824.5,815.7000122070312,817.4000244140625,12793040
2025-06-10,817.0499877929688,822.0499877929688,814.5999755859375,821.0,6560513
2025-06-11,815.0499877929688,820.5999755859375,813.0499877929688,817.0,7197825
2025-06-12,805.9500122070312,816.5,801.2000122070312,816.0,13448521
2025-06-13,792.3499755859375,796.2999877929688,786.25,786.25,11377117
2025-06-16,792.5,795.4000244140625,786.1500244140625,792.5,8085001
2025-06-17,792.2999877929688,798.8499755859375,790.5499877929688,794.0,7753156
2025-06-18,791.9000244140625,795.5,788.3499755859375,792.5,5710169
2025-06-19,785.0999755859375,793.25,781.7000122070312,792.3499755859375,11824333
2025-06-20,796.1500244140625,799.4500122070312,786.0999755859375,787.5,11367669
2025-06-23,790.2000122070312,794.9500122070312,788.5,790.0,5549253
2025-06-24,795.4000244140625,806.6500244140625,793.6500244140625,799.0,11402190
2025-06-25,800.0499877929688,803.7999877929688,796.0999755859375,799.5,6528324
2025-06-26,797.0499877929688,803.3499755859375,791.4000244140625,802.0,24704402
2025-06-27,805.4000244140625,809.4500122070312,802.6500244140625,805.0,19375990
2025-06-30,820.3499755859375,821.0,807.0499877929688,809.0,19652607
2025-07-01,820.2999877929688,824.9000244140625,813.25,820.0,11456405
2025-07-02,812.9000244140625,824.0499877929688,809.0,821.0,6661200
2025-07-03,807.0999755859375,814.5,805.7999877929688,813.5,7020403
2025-07-04,811.8499755859375,813.8499755859375,804.0999755859375,808.75,4319538
2025-07-07,806.8499755859375,812.6500244140625,805.1500244140625,811.2000122070312,4461783
2025-07-08,812.6500244140625,813.5499877929688,805.3499755859375,807.9000244140625,5935770
2025-07-09,810.9500122070312,812.4500122070312,809.0,810.0,4099112
2025-07-10,808.0,815.5,806.9000244140625,811.2999877929688,12178137
2025-07-11,808.6500244140625,812.5499877929688,804.5499877929688,807.5499877929688,6202372
2025-07-14,808.8499755859375,815.5,808.0,809.7999877929688,6938635
2025-07-15,816.4500122070312,821.0,810.5,811.0,9297645
2025-07-16,831.7000122070312,834.2000122070312,815.2999877929688,816.0,16458920
2025-07-17,829.0,842.5,826.3499755859375,838.4000244140625,23073718
2025-07-18,823.3499755859375,832.6500244140625,820.25,832.0,15387801
2025-07-21,824.2000122070312,827.3499755859375,817.9500122070312,823.0,8852594
2025-07-22,815.0,828.0499877929688,814.0,827.5,7851163
2025-07-23,820.6500244140625,825.2000122070312,811.5,812.5,15470390
2025-07-24,815.7000122070312,821.9500122070312,810.6500244140625,820.0,10118309
2025-07-25,806.5499877929688,819.2000122070312,805.5,815.0,6734439
2025-07-28,797.1500244140625,808.9500122070312,796.0,806.5499877929688,7734158
2025-07-29,799.2000122070312,800.0,793.0999755859375,796.2000122070312,7833759
2025-07-30,801.6500244140625,803.4000244140625,796.2000122070312,798.9500122070312,8743723
2025-07-31,796.5499877929688,803.7999877929688,792.5499877929688,795.0999755859375,11359112
2025-08-01,794.0,801.0,792.0,795.7000122070312,15468391
2025-08-04,795.7000122070312,797.2000122070312,786.5499877929688,794.5,8820724
2025-08-05,800.5999755859375,804.0499877929688,796.2999877929688,798.0,7381537
2025-08-06,805.1500244140625,810.2000122070312,799.0,800.9500122070312,7409396
2025-08-07,805.1500244140625,806.6500244140625,793.4000244140625,801.0999755859375,7091392
2025-08-08,804.2999877929688,807.7999877929688,790.0,805.0,15708181
2025-08-11,823.4500122070312,825.0,808.0,808.0,15236297
2025-08-12,820.5999755859375,825.5,820.0,824.9500122070312,7986728
2025-08-13,821.8499755859375,824.9500122070312,820.6500244140625,822.6500244140625,4447508
2025-08-14,826.5499877929688,828.0,819.0999755859375,822.0,7087573
2025-08-18,827.6500244140625,838.0,825.1500244140625,836.0,6138124
2025-08-19,830.4000244140625,831.0,825.7999877929688,827.5,5076681
2025-08-20,828.9500122070312,831.9000244140625,827.4000244140625,828.7000122070312,4493888
2025-08-21,825.7000122070312,833.25,824.0499877929688,828.9500122070312,4402511
2025-08-22,816.25,826.0,815.7000122070312,824.0,5097647
2025-08-25,816.4500122070312,820.5,814.2000122070312,817.4500122070312,5672898
2025-08-26,807.8499755859375,815.8499755859375,806.75,814.8499755859375,6997817
2025-08-28,801.9500122070312,811.0,800.6500244140625,807.25,7898436
2025-08-29,802.5,806.7000122070312,798.5,800.7000122070312,6861440
2025-09-01,806.0499877929688,808.2999877929688,802.6500244140625,803.0999755859375,5619805
2025-09-02,803.9000244140625,810.5,802.6500244140625,806.2999877929688,5075460
2025-09-03,812.1500244140625,813.2999877929688,803.0,804.2999877929688,4261589
2025-09-04,809.4000244140625,816.75,808.0,814.6500244140625,4471950
2025-09-05,806.5999755859375,812.5,803.6500244140625,811.5,5194842
2025-09-08,808.7999877929688,813.8499755859375,806.7999877929688,808.0,4614227
2025-09-09,808.8499755859375,812.3499755859375,805.5999755859375,812.0,4567272
2025-09-10,818.2000122070312,824.5999755859375,810.4000244140625,812.0,7285853
2025-09-11,823.6500244140625,825.7000122070312,819.0,819.0999755859375,7425055
2025-09-12,823.5499877929688,825.7999877929688,819.7999877929688,824.0999755859375,5078018
2025-09-15,824.75,827.7999877929688,821.0999755859375,823.5499877929688,3852494
2025-09-16,831.5499877929688,833.0,821.6500244140625,825.0999755859375,9467531
2025-09-17,857.1500244140625,858.1500244140625,831.0,834.2999877929688,17243938
2025-09-18,854.3499755859375,860.7999877929688,851.0999755859375,858.6500244140625,10400847
2025-09-19,862.3499755859375,864.4500122070312,849.2999877929688,852.0,15206426
2025-09-22,855.25,868.2000122070312,854.0,862.0,6594034
2025-09-23,870.5999755859375,874.25,851.2000122070312,854.5999755859375,14357863
2025-09-24,866.2000122070312,880.5,864.4500122070312,876.0,12840160
2025-09-25,861.1500244140625,870.1500244140625,859.9500122070312,866.5499877929688,8678821
2025-09-26,856.9500122070312,864.3499755859375,853.0,862.0,6959545
2025-09-29,870.75,873.5,856.0,858.0499877929688,22641712
2025-09-30,872.4500122070312,877.5999755859375,867.5999755859375,869.9500122070312,12831593
2025-10-01,864.0999755859375,876.4500122070312,862.7999877929688,872.2999877929688,10832384
2025-10-03,867.2999877929688,873.0,863.7999877929688,865.1500244140625,8019442
2025-10-06,874.0499877929688,875.2999877929688,862.7999877929688,868.0,7820352
2025-10-07,864.7000122070312,877.0,863.0,874.1500244140625,9242580
2025-10-08,858.25,867.7999877929688,857.25,866.7999877929688,7156112
2025-10-09,862.0999755859375,865.7999877929688,858.0999755859375,861.5999755859375,7020501
2025-10-10,880.6500244140625,883.75,861.2999877929688,862.0999755859375,13713015
2025-10-13,882.9500122070312,888.0999755859375,876.0,879.0,11923143
2025-10-14,876.9500122070312,884.1500244140625,872.0999755859375,883.0,7681973
2025-10-15,886.0999755859375,887.5,877.0499877929688,878.0999755859375,8269225
2025-10-16,886.9500122070312,891.8499755859375,882.4500122070312,888.2999877929688,8493686
2025-10-17,889.1500244140625,894.75,883.0,887.5,8511854
2025-10-20,907.5,913.6500244140625,891.0499877929688,894.5999755859375,13546463
2025-10-21,907.8499755859375,910.0,906.4000244140625,908.0,1783576
2025-10-23,911.5499877929688,918.0,904.7999877929688,912.0,13382769
2025-10-24,904.5,914.0999755859375,900.9500122070312,910.9500122070312,5313227
2025-10-27,922.75,928.0,906.0,906.9500122070312,9150761
2025-10-28,930.25,935.8499755859375,917.7000122070312,927.0999755859375,22066289
2025-10-29,939.75,942.0499877929688,930.25,933.9000244140625,12314222
2025-10-30,934.3499755859375,944.9000244140625,933.0499877929688,939.4500122070312,13044473
2025-10-31,937.0,946.7000122070312,930.25,934.9000244140625,12078252
2025-11-03,949.7000122070312,953.4000244140625,937.5,938.75,11744735
2025-11-04,957.5999755859375,959.2999877929688,941.5,951.0,19154518
2025-11-06,960.75,971.4000244140625,955.2999877929688,969.6500244140625,23088096
2025-11-07,955.8499755859375,964.8499755859375,944.0,958.75,13371323
2025-11-10,951.1500244140625,963.2000122070312,949.0999755859375,956.0,7343249
2025-11-11,953.2999877929688,954.9500122070312,945.0499877929688,953.5999755859375,8648917
2025-11-12,957.1500244140625,961.5499877929688,951.4000244140625,957.7000122070312,7043323
2025-11-13,954.0,963.9500122070312,952.4500122070312,954.25,8894441
2025-11-14,967.8499755859375,969.0499877929688,952.0,952.9500122070312,11032927
2025-11-17,973.3499755859375,976.0,968.5,971.0,7415026
2025-11-18,972.4500122070312,976.7000122070312,968.8499755859375,975.5999755859375,6594686
2025-11-19,982.75,984.4500122070312,968.7999877929688,972.4500122070312,8291226
2025-11-20,981.5499877929688,986.5999755859375,979.3499755859375,986.0,6440857
2025-11-21,972.5999755859375,980.5999755859375,971.0499877929688,979.7000122070312,5377241
2025-11-24,970.5999755859375,977.7000122070312,968.0499877929688,975.5499877929688,9901946
2025-11-25,983.5999755859375,988.9500122070312,971.3499755859375,975.5499877929688,9140201
2025-11-26,983.9000244140625,999.0,982.1500244140625,986.5999755859375,13943490
2025-11-27,972.8499755859375,988.5499877929688,968.9000244140625,986.7000122070312,11909168
2025-11-28,979.0,983.0,973.0499877929688,976.7999877929688,8117842
2025-12-01,973.0999755859375,991.2000122070312,969.8499755859375,985.4500122070312,8808306
2025-12-02,967.2999877929688,980.4500122070312,964.9000244140625,976.0,13444314
2025-12-03,951.0499877929688,972.5499877929688,947.5499877929688,970.4500122070312,14051968
2025-12-04,948.0999755859375,952.5499877929688,944.4500122070312,951.0499877929688,13622724
2025-12-05,971.5,973.2999877929688,946.7000122070312,948.8499755859375,17347847
2025-12-08,956.4000244140625,972.5,951.7000122070312,970.8499755859375,15386438
2025-12-09,959.3499755859375,964.0,950.4500122070312,954.7999877929688,9580294
2025-12-10,959.75,963.9500122070312,955.25,960.0999755859375,6989178
2025-12-11,963.25,966.5,958.4500122070312,962.0999755859375,5979035
2025-12-12,963.1500244140625,967.0,958.0,966.0,5681930
2025-12-15,967.25,968.8499755859375,957.25,957.25,4416952
2025-12-16,961.1500244140625,969.0,958.0499877929688,966.0499877929688,4764786
2025-12-17,975.8499755859375,978.5,964.2999877929688,965.5499877929688,8013382
2025-12-18,977.5499877929688,981.4500122070312,973.5,977.9000244140625,4926879
2025-12-19,980.2999877929688,982.0,977.0499877929688,979.9500122070312,5376584
2025-12-22,974.2999877929688,983.0,972.5499877929688,981.0999755859375,5959037
2025-12-23,971.9000244140625,977.5499877929688,970.7000122070312,976.2999877929688,5123287
2025-12-24,968.9500122070312,977.2999877929688,967.5,973.2000122070312,4105643
2025-12-26,966.2999877929688,971.0,964.75,968.9500122070312,3286321
2025-12-29,965.0499877929688,968.9000244140625,961.4500122070312,966.9000244140625,5267233
2025-12-30,973.4500122070312,976.2000122070312,959.5,963.0,15030644
2025-12-31,982.2000122070312,985.6500244140625,973.5,975.25,5807630
2026-01-01,984.75,987.6500244140625,980.3499755859375,983.2000122070312,4328348
2026-01-02,998.9500122070312,1009.5,983.9500122070312,984.5,7357435
2026-01-05,1005.5499877929688,1015.5,1000.0,1000.0,11259060
2026-01-06,1018.9000244140625,1024.0,1004.9500122070312,1007.9500122070312,9575742
2026-01-07,1007.1500244140625,1022.7000122070312,1004.0,1022.7000122070312,7896720
2026-01-08,998.0,1011.5999755859375,995.8499755859375,1006.5999755859375,6854268
2026-01-09,1000.5,1008.0,994.0,996.0,7809460
2026-01-12,1015.1500244140625,1017.25,996.0,1008.0,7617922
2026-01-13,1028.449951171875,1029.5,1016.0,1022.7999877929688,11016895
2026-01-14,1028.3499755859375,1030.4000244140625,1020.5,1030.0,7370514
2026-01-15,1028.3499755859375,1028.3499755859375,1028.3499755859375,1028.3499755859375,0
2026-01-16,1042.300048828125,1047.449951171875,1028.4000244140625,1032.0,11051580
2026-01-19,1038.4000244140625,1043.5999755859375,1034.0,1035.0,5460164
2026-01-20,1036.4000244140625,1052.0,1033.050048828125,1039.75,8905718
2026-01-21,1028.6500244140625,1040.5999755859375,1022.0,1032.0,7408949
2026-01-22,1048.3499755859375,1055.5,1034.050048828125,1035.0,12001641
2026-01-23,1029.5,1053.0,1025.5999755859375,1051.9000244140625,10917698
2026-01-27,1053.1500244140625,1055.0,1030.25,1034.0999755859375,14420630
2026-01-28,1063.5,1065.5999755859375,1044.1500244140625,1059.4000244140625,12171257
2026-01-29,1066.199951171875,1075.0,1060.300048828125,1063.0,14800724
2026-01-30,1077.1500244140625,1082.5,1060.4000244140625,1064.0,9480769
2026-02-02,1028.699951171875,1031.300048828125,990.0,1019.9000244140625,14434549
2026-02-03,1064.199951171875,1089.800048828125,1040.300048828125,1087.0,16129381
2026-02-04,1068.199951171875,1073.9000244140625,1056.300048828125,1064.199951171875,7312276
2026-02-05,1073.5,1081.0,1067.5,1068.199951171875,9551567
2026-02-06,1066.4000244140625,1073.5999755859375,1051.0,1070.0,7041557
2026-02-09,1146.0,1150.0,1100.5,1120.0,40852966
2026-02-10,1144.0999755859375,1154.0,1138.0999755859375,1151.0,17280036
2026-02-11,1182.9000244140625,1187.5,1142.800048828125,1144.699951171875,29491859
2026-02-12,1192.4000244140625,1203.699951171875,1174.800048828125,1183.0,33214985
2026-02-13,1198.5999755859375,1201.0,1184.5,1189.0,18141390
2026-02-16,1208.0999755859375,1212.300048828125,1185.300048828125,1194.0,14972739
2026-02-17,1213.4000244140625,1225.5,1204.0999755859375,1206.0999755859375,20107196
2026-02-18,1218.9000244140625,1224.0999755859375,1214.0,1218.800048828125,10417264
2026-02-19,1205.699951171875,1224.9000244140625,1199.199951171875,1222.9000244140625,9630899
2026-02-20,1216.0999755859375,1218.0,1201.800048828125,1206.199951171875,9958162
2026-02-23,1227.800048828125,1231.0999755859375,1217.0999755859375,1222.0,9733835
2026-02-24,1223.300048828125,1234.699951171875,1219.699951171875,1232.0,15788449
2026-02-25,1200.0999755859375,1228.0999755859375,1197.5,1228.0999755859375,19581100
2026-02-26,1209.5,1215.4000244140625,1188.9000244140625,1201.0,16196052
2026-02-27,1201.699951171875,1211.800048828125,1198.5999755859375,1207.0,10700355
2026-03-02,1189.9000244140625,1197.300048828125,1179.4000244140625,1185.0,16270835
2026-03-04,1174.5,1182.699951171875,1157.5999755859375,1172.0999755859375,13855065
2026-03-05,1169.5,1183.199951171875,1150.5999755859375,1181.0,22100665
2026-03-06,1143.0,1169.300048828125,1138.0,1168.5,20333328
2026-03-09,1098.5,1115.0,1064.300048828125,1115.0,24631198
2026-03-10,1112.199951171875,1119.9000244140625,1104.5,1111.0999755859375,17491459
2026-03-11,1091.0999755859375,1115.9000244140625,1088.0,1113.4000244140625,8364878
2026-03-12,1085.199951171875,1098.0,1070.5,1075.0999755859375,14614140
2026-03-13,1047.0,1081.300048828125,1042.300048828125,1077.5,15978675
2026-03-16,1066.699951171875,1073.0,1036.0999755859375,1048.699951171875,15322269
2026-03-17,1064.699951171875,1073.9000244140625,1047.0,1073.9000244140625,16427877
2026-03-18,1069.800048828125,1075.4000244140625,1061.300048828125,1067.5,10749915
2026-03-19,1048.9000244140625,1059.699951171875,1041.0,1049.5,13431191
2026-03-20,1058.0,1085.0,1054.0,1058.4000244140625,17748625
2026-03-23,1031.9000244140625,1045.5999755859375,1014.2000122070312,1039.0,16039603
2026-03-24,1030.800048828125,1059.0,1020.0,1055.199951171875,30416734
2026-03-25,1060.5999755859375,1065.5,1043.0,1043.0,16205333
2026-03-27,1019.5,1055.300048828125,1013.0,1051.300048828125,20445349
2026-03-30,979.4000244140625,1009.4000244140625,975.7999877929688,1005.0,21438137
2026-04-01,1017.7999877929688,1031.0,998.4500122070312,1008.0,17424479
2026-04-02,1018.4000244140625,1026.0,977.9000244140625,1000.0,20777629
2026-04-06,1032.75,1035.699951171875,1005.0499877929688,1020.0,23576634
2026-04-07,1030.4000244140625,1033.699951171875,1012.0,1025.0,15021291
2026-04-08,1061.449951171875,1077.800048828125,1059.449951171875,1074.0,28533742
2026-04-09,1040.949951171875,1064.3499755859375,1038.300048828125,1060.0999755859375,24772948
2026-04-10,1066.699951171875,1069.449951171875,1046.1500244140625,1049.0,17861336
2026-04-13,1063.550048828125,1067.25,1030.0,1042.0,17763348
2026-04-15,1071.5,1088.0,1068.199951171875,1076.0,16195810
2026-04-16,1067.1500244140625,1084.1500244140625,1062.0,1078.0,20313165
2026-04-17,1080.25,1082.1500244140625,1060.0,1067.0,16823879
2026-04-20,1107.8499755859375,1120.949951171875,1075.8499755859375,1080.300048828125,31179584
2026-04-21,1111.8499755859375,1114.75,1105.949951171875,1113.4000244140625,16963734
2026-04-22,1103.300048828125,1117.8499755859375,1100.0999755859375,1110.0,12412659
2026-04-23,1094.25,1101.9000244140625,1082.199951171875,1095.0,13669001
2026-04-24,1101.0999755859375,1106.0,1090.050048828125,1091.3499755859375,13774745
2026-04-27,1111.8499755859375,1114.800048828125,1103.4000244140625,1110.949951171875,11624385
2026-04-28,1091.300048828125,1110.5,1089.1500244140625,1102.300048828125,10727835
2026-04-29,1086.9000244140625,1105.0,1084.25,1094.0,10611104
2026-04-30,1068.449951171875,1077.699951171875,1063.0,1075.0,14269539
2026-05-01,1068.449951171875,1068.449951171875,1068.449951171875,1068.449951171875,0
2026-05-04,1068.4000244140625,1089.0999755859375,1063.5999755859375,1063.5999755859375,11693211
2026-05-05,1059.9000244140625,1068.5,1049.4000244140625,1060.5999755859375,12194631
2026-05-06,1096.0,1101.0999755859375,1061.199951171875,1072.0,14384779
2026-05-07,1092.0,1108.0,1086.0999755859375,1106.0,16105163
2026-05-08,1019.2999877929688,1095.0,1010.9000244140625,1090.0,48065909
