Date,Close,High,Low,Open,Volume
2021-05-10,2765.136474609375,2781.575170224942,2747.115397601112,2765.5320163029514,2137153
2021-05-11,2745.005859375,2749.8407827575666,2717.358716701784,2747.1155582763954,2415625
2021-05-12,2714.23828125,2742.720290729441,2699.2939719735896,2742.720290729441,1978558
2021-05-14,2682.50341796875,2723.8200362366615,2672.3940326478782,2723.8200362366615,2043935
2021-05-17,2698.54638671875,2703.337313029576,2668.8775405417787,2685.580002093259,2890462
2021-05-18,2715.292236328125,2746.235694183995,2705.7981647561896,2725.137852743401,2098538
2021-05-19,2709.31494140625,2740.961709054084,2696.216781754915,2711.073095164463,1986041
2021-05-20,2689.97509765625,2715.292553263747,2683.030476552131,2696.2166289916227,2329027
2021-05-21,2707.99609375,2714.7649422146983,2685.6676287837586,2690.854096078153,1685566
2021-05-24,2708.875732421875,2729.5340415933547,2700.5245010546814,2708.875732421875,1652260
2021-05-25,2750.8359375,2763.4240595646675,2722.656297882168,2731.401643786127,1841613
2021-05-26,2790.14599609375,2795.887946061966,2741.825321802558,2756.135984743549,1923753
2021-05-27,2809.138671875,2842.4861513917554,2793.06125468533,2793.193674959177,5959785
2021-05-28,2776.983642578125,2825.0392585195646,2769.960623856827,2817.530555049453,1763701
2021-05-31,2790.720703125,2800.6146992644194,2763.7337050232063,2782.637888857994,1652799
2021-06-01,2785.287841796875,2800.261039677647,2766.736923725916,2799.068610059735,1377441
2021-06-02,2764.484375,2790.9856875450187,2751.719619257796,2783.388774016387,2240078
2021-06-03,2774.907958984375,2786.656916039065,2758.477060767355,2786.656916039065,1281706
2021-06-04,2777.116455078125,2788.6887800926147,2760.5531362605616,2763.2032672713717,1836060
2021-06-07,2811.96533203125,2818.369814617938,2768.149966770133,2778.220377259856,2559821
2021-06-08,2826.938232421875,2854.1904934720615,2815.4985457843964,2825.0390585340924,2574057
2021-06-09,2827.026611328125,2844.4733031721153,2814.6151241231973,2828.572520732023,1710925
2021-06-10,2841.6474609375,2848.007732839972,2820.6230431011263,2835.640453603074,1874324
2021-06-11,2892.0,2923.0948308603947,2836.5238748542542,2837.0097753940586,3452954
2021-06-14,2894.251953125,2922.829066049496,2888.9516917972583,2896.5928156108116,1847360
2021-06-15,2882.238525390625,2913.377567002768,2872.3447453737463,2913.377567002768,1304985
2021-06-16,2892.485595703125,2910.4621884354497,2873.62541029358,2881.6642273428124,1635552
2021-06-17,2930.823974609375,2946.9898164726833,2879.80895402805,2884.6675274167474,2273413
2021-06-18,2912.759033203125,2966.3799741161924,2893.059682915584,2960.1079111317467,3380431
2021-06-21,2891.381591796875,2902.7770698023915,2872.4771929821286,2884.226151218749,1130569
2021-06-22,2916.2041015625,2939.03948321946,2901.893437333948,2918.6776002896086,1708688
2021-06-23,2881.04541015625,2940.7617764131733,2876.6285255416315,2940.7617764131733,1467104
2021-06-24,2980.16064453125,2988.4643018161614,2896.151408071027,2901.0099814260343,4155204
2021-06-25,2986.52099609375,3003.17252309465,2959.312941438819,2981.618210624291,2722861
2021-06-28,2947.6083984375,2995.9732923655597,2944.2957344698248,2995.9732923655597,1355238
2021-06-29,2951.23046875,2973.7123727957182,2938.55392110652,2952.2462661469986,1497322
2021-06-30,2955.55859375,2987.5810099566615,2949.1541105086676,2955.7794379997013,1693146
2021-07-01,2951.8037109375,2969.9129361579753,2943.720899118557,2966.3794287978826,990310
2021-07-02,2937.626220703125,2950.21434389237,2910.9040644592897,2942.529006552582,1682274
2021-07-05,2933.695068359375,2980.5140501790215,2916.9109050655393,2952.2459856841406,1972858
2021-07-06,2881.8408203125,2939.878645879054,2876.3639260649975,2926.6279909246714,2159420
2021-07-07,2893.01513671875,2899.8613076965835,2863.5546464924696,2893.0593486974058,2640710
2021-07-08,2878.484375,2913.3777715973606,2854.986457100049,2913.3777715973606,2485811
2021-07-09,2834.006103515625,2899.2435873844856,2827.6900436373367,2870.9755207189455,6365067
2021-07-12,2820.7109375,2858.6077212079454,2816.5148971181284,2857.724344285446,1892226
2021-07-13,2815.808349609375,2839.173627711881,2804.721925322098,2839.173627711881,1809339
2021-07-14,2839.659912109375,2846.2410283989343,2813.556075558847,2815.322829766419,2044279
2021-07-15,2835.587890625,2861.173337371803,2827.6644533089197,2857.4107907448265,2232968
2021-07-16,2828.3720703125,2850.5490007565263,2825.893173423825,2844.4845758805604,1256526
2021-07-19,2819.341796875,2832.7983868188567,2811.728089019713,2815.2693082754054,1597058
2021-07-20,2838.110595703125,2846.2553578539632,2794.155076123223,2819.3421743627855,1811945
2021-07-22,2847.450439453125,2855.063931743701,2824.1225693914685,2824.1225693914685,2859334
2021-07-23,2844.351806640625,2869.760012901406,2838.862743596103,2859.5346985379906,1776193
2021-07-26,2830.806396484375,2854.443991333239,2824.8748975730673,2832.9753500089523,1259611
2021-07-27,2817.88134765625,2841.8288897839234,2798.581656516541,2832.975840283039,1121367
2021-07-28,2831.02783203125,2836.915022702332,2773.128766395787,2822.351801458965,1660654
2021-07-29,2829.257080078125,2855.50628054373,2824.3879037521106,2833.196643150491,1731997
2021-07-30,2804.1591796875,2853.7805664074917,2799.6442540307867,2849.7966940486167,2999943
2021-08-02,2850.150146484375,2855.019322815732,2803.760262073905,2815.2692243116567,2608669
2021-08-03,2908.137939453125,2912.653080836421,2849.7521253310056,2858.649482681095,3804735
2021-08-04,2898.443359375,2926.109132013964,2887.1557241383025,2921.50559067461,2929598
2021-08-05,2907.29736328125,2934.7861272484197,2888.307613920956,2899.373926617971,2534521
2021-08-06,2930.181640625,2942.752924571996,2890.5199454655735,2897.2040394095043,2292362
2021-08-09,2941.60205078125,2954.261951939117,2930.3587236794956,2942.6643732539064,1510489
2021-08-10,2951.517333984375,2965.6822095736366,2935.316430440236,2935.316430440236,2040777
2021-08-11,2960.636474609375,2974.624334648893,2945.4978911610087,2965.7712860338665,1929707
2021-08-12,2967.320556640625,2981.706760577497,2944.5239565560437,2944.5239565560437,1310205
2021-08-13,3066.16455078125,3080.860696882847,2972.410859133379,2975.288099726732,4363584
2021-08-16,3074.61962890625,3093.565283570846,3042.350308322489,3063.154973605649,2083489
2021-08-17,3145.532470703125,3152.3935833564606,3065.810724967882,3082.720134220687,4336019
2021-08-18,3152.17236328125,3182.671073455571,3130.969354434129,3163.946961523481,2631309
2021-08-20,3151.242919921875,3164.965146430876,3098.5672762260324,3103.87910584242,2836148
2021-08-23,3220.207275390625,3251.7242096170226,3153.366769584449,3169.390871339216,3744176
2021-08-24,3198.783203125,3246.722586873967,3182.1394299538442,3237.5595959017187,2511141
2021-08-25,3239.330810546875,3273.6363773434564,3193.339261643497,3195.9508680170043,2123263
2021-08-26,3250.70703125,3264.650584058669,3229.5038050202993,3240.2160812526786,1902533
2021-08-27,3293.46630859375,3301.7439942841897,3232.336189828916,3245.5271438653544,3944728
2021-08-30,3276.779052734375,3311.3502521292385,3264.6504188945714,3288.907686574179,2033114
2021-08-31,3352.162841796875,3367.7886036477303,3278.682531887317,3283.9500530446194,3207480
2021-09-01,3288.863037109375,3378.942800881244,3281.8249071480936,3360.6170346733647,2643336
2021-09-02,3396.693603515625,3416.524346986112,3295.1048653900193,3305.7285242789717,3403717
2021-09-03,3401.385498046875,3414.5321452155067,3368.1865666025374,3386.2910073224075,1746812
2021-09-06,3410.194091796875,3432.857981147022,3376.5525093752026,3408.1578475277897,1723693
2021-09-07,3378.23486328125,3426.0856360966154,3371.4623672882394,3420.8181151977305,1585039
2021-09-08,3341.27294921875,3377.437735939863,3325.2047539161535,3373.011212039549,4147175
2021-09-09,3356.544677734375,3371.8604946659234,3333.172716457,3355.039702736924,1441148
2021-09-13,3404.30712890625,3410.5483552564024,3334.94340668906,3334.94340668906,1691473
2021-09-14,3440.206298828125,3449.590617426561,3386.291315708096,3408.379630212844,1991188
2021-09-15,3500.982177734375,3523.513141909009,3422.588393623173,3436.8418875120715,2461369
2021-09-16,3455.6103515625,3525.062471552736,3445.694980793567,3479.2479470590197,2946666
2021-09-17,3388.81396484375,3492.5273326388105,3368.5846643068885,3470.3947132938247,6477148
2021-09-20,3384.962646484375,3427.0146213001217,3371.107713869043,3372.1257278564103,2002008
2021-09-21,3419.88818359375,3427.5018914398584,3383.325051595029,3415.5059679978876,1568129
2021-09-22,3419.179931640625,3449.900181873406,3410.5925180954796,3419.489874783857,1744067
2021-09-23,3425.466064453125,3434.0977874300374,3395.1443709188434,3426.130043143657,2003869
2021-09-24,3427.2802734375,3491.995920064041,3412.849762988791,3443.835428800622,2320754
2021-09-27,3396.869873046875,3456.229597241614,3366.7252043616068,3452.688378391981,1673362
2021-09-28,3345.699951171875,3408.4238902572306,3321.0000307343994,3408.4238902572306,2253075
2021-09-29,3356.98779296875,3369.470679366263,3295.237771979313,3328.5696334225463,2489161
2021-09-30,3342.51318359375,3368.585371427345,3319.982215598712,3368.585371427345,2252412
2021-10-01,3302.36376953125,3373.0111325429925,3297.7602280111937,3348.001273095659,1578374
2021-10-04,3340.52099609375,3349.6837720532653,3282.2235824322406,3297.583708781848,1356860
2021-10-05,3393.638916015625,3399.5704149180474,3312.4565094913187,3323.4342025006117,1877966
2021-10-06,3373.80810546875,3415.019088719637,3359.7318450635594,3396.029343257922,1678154
2021-10-07,3446.403076171875,3451.80352207463,3381.908749178324,3390.7174889832863,1647233
2021-10-08,3484.249755859375,3532.2775413447675,3452.688726138807,3474.8213461781584,2934339
2021-10-11,3262.8798828125,3326.5332197772977,3240.2159905215995,3324.3199574886903,11845402
2021-10-12,3233.88623046875,3281.82540642427,3214.188195590698,3280.9401014859304,5752877
2021-10-13,3235.96630859375,3253.8937321613757,3226.9362421726487,3231.362766510334,3545655
2021-10-14,3203.36865234375,3255.30274904869,3200.4858910537205,3215.3875927252047,6442299
2021-10-18,3235.03466796875,3239.9575806125013,3194.498652086735,3196.2726590535945,3590107
2021-10-19,3223.50390625,3273.1319287564406,3215.5652676856744,3254.4160669882417,3135441
2021-10-20,3201.06298828125,3219.8230275642086,3173.9649853308347,3203.856962964717,2933693
2021-10-21,3133.340576171875,3199.8214603017936,3114.4917475112516,3196.85012783336,4871211
2021-10-22,3103.492431640625,3159.1519039386526,3091.2073459542025,3157.7326116490563,2691670
2021-10-25,3098.25927734375,3117.418642319064,3060.162514853615,3107.1737071107864,2595594
2021-10-26,3089.078857421875,3130.2357382859686,3082.337543367453,3099.634113754694,3878763
2021-10-27,3095.4208984375,3114.491476363256,3089.433623972437,3089.433623972437,2510813
2021-10-28,3035.015380859375,3120.478253064307,3029.116894319104,3120.478253064307,2424942
2021-10-29,3013.816162109375,3069.9191338563896,3003.3494774292535,3015.856313483621,3960501
2021-11-01,3083.5791015625,3092.981425957141,3027.298768768552,3049.4738578562856,2020718
2021-11-02,3090.497314453125,3116.5753452859794,3077.6801581714835,3099.18999139741,3087414
2021-11-03,3097.637939453125,3122.1634993420716,3074.398491314584,3108.237587853043,1537639
2021-11-04,3112.185791015625,3116.266095110229,3108.9483137725333,3115.9999506599443,328991
2021-11-08,3106.951904296875,3147.0888177704123,3087.8369331330086,3147.0888177704123,2526082
2021-11-09,3109.56884765625,3135.558099543106,3100.96495502198,3111.608999490019,1782692
2021-11-10,3090.58642578125,3121.986263947992,3086.9496247069433,3102.7383307642617,1516489
2021-11-11,3094.045654296875,3113.426767950228,3047.744113577115,3086.7722686985917,1284514
2021-11-12,3127.618408203125,3134.8030058714526,3091.8277340904806,3109.833946572736,1747259
2021-11-15,3151.789794921875,3166.2479962691427,3129.3485615298887,3129.3485615298887,1809157
2021-11-16,3154.539306640625,3171.525554383202,3141.7665422714635,3165.7156378788404,2013204
2021-11-17,3123.937255859375,3160.260219123125,3110.188702860013,3149.3944272365325,1632914
2021-11-18,3082.9580078125,3123.00634559004,3061.5813534905255,3117.950252419845,2136598
2021-11-22,3067.61328125,3118.660383698187,3051.5586454065333,3085.3533539302653,3167936
2021-11-23,3072.802001953125,3087.614917705007,3022.730695618105,3055.7271838719826,2153461
2021-11-24,3054.219482421875,3098.3479107016587,3037.1002699493474,3079.8537993639643,2161746
2021-11-25,3056.525146484375,3071.6929923228795,3046.014285380131,3054.751139558402,1849619
2021-11-26,3057.367919921875,3095.642032063638,3026.3669761859983,3037.986807970762,1941251
2021-11-29,3106.2861328125,3130.54576418905,3021.5329084651667,3057.633906161152,2981745
2021-11-30,3130.368896484375,3161.0593099027783,3096.5297932993612,3096.5297932993612,5588446
2021-12-01,3173.521240234375,3184.3426398781166,3135.5574462309587,3135.5574462309587,2102118
2021-12-02,3231.264892578125,3235.788696950229,3170.2392263609663,3183.6328489847224,3152938
2021-12-03,3229.092041015625,3251.7106316157765,3220.5769368394936,3234.414062333308,2486263
2021-12-06,3136.798828125,3244.6585313150194,3124.0260654159374,3229.0915778827693,1849642
2021-12-07,3179.464599609375,3191.439148945329,3126.0670229182915,3159.950519210043,1484458
2021-12-08,3217.0732421875,3234.414205727127,3194.0999357691167,3194.0999357691167,1428660
2021-12-09,3194.76513671875,3224.0362547896098,3163.0547588086524,3202.0829162364653,1567957
2021-12-10,3225.85400390625,3230.466378269068,3171.1259375137224,3179.9071845399803,1510718
2021-12-13,3201.7724609375,3248.207186059828,3194.720825622014,3237.5631428504566,1883864
2021-12-14,3214.323486328125,3224.25788271104,3172.545532780773,3197.6477763888033,1747007
2021-12-15,3166.913330078125,3213.6139821147945,3156.0917131195874,3210.9529713650445,1603233
2021-12-16,3176.891357421875,3200.7072679803014,3166.6020317058337,3177.246072148542,2072320
2021-12-17,3179.33154296875,3238.7607860882194,3169.884824391468,3195.4305722072777,4333992
2021-12-20,3154.982666015625,3198.5346245351966,3113.5152523447928,3183.4555650185303,2312310
2021-12-21,3200.57470703125,3229.757034964151,3163.4091312077126,3177.822937788501,2340989
2021-12-22,3220.488037109375,3225.8544517275404,3198.756450823021,3214.500763336604,1224328
2021-12-23,3248.82763671875,3255.746307245518,3219.8226659314073,3235.788728737679,1792861
2021-12-24,3256.101318359375,3286.3482267165896,3232.950655115478,3268.60815531731,2209923
2021-12-27,3278.4541015625,3281.9133289905308,3240.3129466580153,3256.1902245200645,1534135
2021-12-28,3287.722900390625,3304.0880718249186,3276.4579991343157,3290.7830191866974,1456218
2021-12-29,3277.2119140625,3299.608753298073,3268.6080230926227,3275.0387987147183,1456923
2021-12-30,3311.849853515625,3317.393626286826,3264.173407683294,3265.3709492233234,1966475
2021-12-31,3315.929443359375,3335.1329814850587,3309.676025708375,3319.8765654123854,1207141
2022-01-03,3386.357666015625,3397.2234590635435,3321.8281603636997,3326.2631779342787,2346158
2022-01-04,3445.786376953125,3449.6891051997345,3380.9907367992632,3398.198732285911,2488606
2022-01-05,3424.676025390625,3432.7034501545454,3381.611963344765,3428.2684327770844,1733031
2022-01-06,3377.221435546875,3401.658425302727,3345.777204756685,3381.257344785918,1810293
2022-01-07,3418.06787109375,3428.1796240286867,3367.419886343486,3388.3532548535422,2460591
2022-01-10,3441.43994140625,3528.499231241945,3424.71984208777,3528.499231241945,3937092
2022-01-11,3473.417236328125,3481.4890555369284,3420.2858084459604,3420.2858084459604,1906106
2022-01-12,3423.74560546875,3485.0376497376683,3403.034198337721,3481.489634823199,3203744
2022-01-13,3457.450927734375,3479.7148026675522,3421.1725704534156,3475.2797850755724,6684507
2022-01-14,3519.7626953125,3527.6127625596932,3423.877751160488,3439.6664560687805,3348123
2022-01-17,3565.000244140625,3586.155365505401,3514.574222074522,3541.539043469743,3442604
2022-01-18,3539.67626953125,3585.002018651542,3530.2739457678194,3578.1277414958386,2389041
2022-01-19,3478.409912109375,3564.91152862164,3474.722465771417,3564.91152862164,3102539
2022-01-20,3400.12744140625,3483.1635285665043,3386.310256981364,3474.277907320161,6176776
2022-01-21,3406.302978515625,3422.3415685992545,3350.856787511947,3382.7560817031394,3112358
2022-01-24,3351.078857421875,3420.653098273078,3323.3112910112377,3412.078560539118,3258414
2022-01-25,3349.79052734375,3384.8887339958196,3307.406154089975,3349.4351892399127,3330501
2022-01-27,3242.585693359375,3317.3581176759967,3221.1270024404544,3315.2256551137434,5718297
2022-01-28,3278.839111328125,3314.1594600905173,3239.6979015769352,3239.6979015769352,3143862
2022-01-31,3319.890625,3339.2168534626967,3306.6953891380213,3331.2197934091673,2739393
2022-02-01,3377.1142578125,3383.6452775667603,3320.0241293766635,3349.8799097759156,2105169
2022-02-02,3426.4736328125,3433.4044616031847,3377.11395747897,3401.3272782809076,1984212
2022-02-03,3398.39501953125,3449.842683269199,3390.7977694626597,3421.8529744416446,1960538
2022-02-04,3389.775634765625,3398.483587159522,3348.990719148999,3390.1311897835267,2307366
2022-02-07,3357.876220703125,3404.7923435959337,3337.572489673576,3368.538966045395,1919149
2022-02-08,3326.2880859375,3376.2697091125106,3306.33990816381,3369.028014039471,2946443
2022-02-09,3341.482177734375,3356.9430711731097,3328.6424990482747,3332.1078043912007,1638721
2022-02-10,3350.190673828125,3367.4731657279976,3339.2168435690846,3367.4731657279976,2112459
2022-02-11,3283.1923828125,3334.3291734158643,3278.794043945247,3334.3291734158643,3851488
2022-02-14,3317.66943359375,3370.5388895827227,3296.566079312437,3309.0059513098427,5951745
2022-02-15,3392.352294921875,3407.6355190520553,3330.3306194021134,3364.095977869904,3931683
2022-02-16,3388.176025390625,3424.6070692875323,3381.867148088499,3415.632505846608,3256906
2022-02-17,3362.49658203125,3407.6355791127057,3357.8761025989347,3398.749958306675,3134372
2022-02-18,3371.11669921875,3390.7095429248166,3338.8620586351085,3348.991582910838,3688883
2022-02-21,3304.91796875,3401.238235819317,3292.6115131522834,3385.421786187314,7465922
2022-02-22,3186.73974609375,3259.1575735470997,3172.167411146738,3243.252395150026,5408531
2022-02-23,3166.6572265625,3219.1711094010107,3159.41531626768,3208.597308616476,2426203
2022-02-24,3022.576904296875,3095.6168757851424,3013.202748546364,3086.8644531268505,5039136
2022-02-25,3128.405517578125,3136.624718327283,3076.2024857929327,3081.533859251846,2549723
2022-02-28,3158.1279296875,3166.61374262665,3070.7822164584545,3101.082276188568,3288942
2022-03-02,3150.974609375,3173.8995564350007,3115.2989255099646,3156.617065851155,2761341
2022-03-03,3149.419921875,3179.808924080417,3136.713655369363,3165.8140687773425,1928039
2022-03-04,3131.60400390625,3164.347387967224,3098.460593342772,3111.3002726289433,2370257
2022-03-07,3096.55029296875,3152.6186540004137,3049.145630234379,3065.539559273232,3054130
2022-03-08,3198.77978515625,3206.8213172994006,3074.4255355655105,3074.4255355655105,3300992
2022-03-09,3227.791015625,3246.806159231084,3196.2025871914693,3203.2666130344987,2719654
2022-03-10,3217.438720703125,3273.4626015016374,3212.151819877421,3273.4626015016374,2005441
2022-03-11,3198.06884765625,3234.2335060489636,3192.471078831925,3201.7120397828858,1623423
2022-03-14,3237.031982421875,3241.7858768007827,3181.0525657618205,3181.0525657618205,1765688
2022-03-15,3193.403564453125,3251.2490497339313,3185.8507858462003,3251.2490497339313,3651133
2022-03-16,3248.494873046875,3259.2465638069243,3213.2634641130835,3234.8111002015016,3090475
2022-03-17,3263.46630859375,3296.5652453564253,3252.4037543243194,3284.6586005161084,3600452
2022-03-21,3222.548095703125,3300.075138230932,3212.1519626134377,3284.1254920661872,2413831
2022-03-22,3288.523681640625,3297.4537736464545,3221.037437205173,3234.365867979815,2907611
2022-03-23,3298.6982421875,3314.159354710851,3278.794535574468,3294.7886552601967,1596195
2022-03-24,3331.974853515625,3339.3942172821903,3283.2371329817483,3287.6799437165005,1879046
2022-03-25,3294.299072265625,3358.3200063678264,3262.7995934336973,3340.9041047708565,1690133
2022-03-28,3294.521728515625,3299.2311511378443,3253.2035899409116,3283.237032979891,1760990
2022-03-29,3292.433837890625,3307.228310863317,3279.6828843085714,3283.0149923595486,2689063
2022-03-30,3315.714599609375,3321.4457828944737,3293.1894591716236,3321.4457828944737,1583455
2022-03-31,3323.177978515625,3336.2397987692148,3305.628876005545,3323.222450010069,2168110
2022-04-01,3339.8828125,3343.6592014466246,3312.603999260616,3330.330769870303,1387014
2022-04-04,3350.190673828125,3358.7652125309046,3320.6459798290102,3342.7710924712337,1472994
2022-04-05,3389.68701171875,3408.1691482536567,3351.656507431064,3351.656507431064,2314947
2022-04-06,3336.86181640625,3384.7996989953504,3315.3584397335258,3384.7996989953504,2051729
2022-04-07,3273.596435546875,3328.1098148423775,3269.0204268602606,3328.1098148423775,2494829
2022-04-08,3274.928955078125,3292.1227192112146,3236.587585621282,3278.7942871496307,2296773
2022-04-11,3284.48095703125,3298.6536964936704,3248.6720768870196,3278.794246196316,2291660
2022-04-12,3279.771728515625,3322.333767297896,3241.78569787856,3272.574288568642,4483476
2022-04-13,3253.869873046875,3296.432126938456,3248.1831624952724,3293.899638230918,1621672
2022-04-18,3134.8916015625,3207.709223229319,3129.960038455755,3207.709223229319,3820792
2022-04-19,3084.99853515625,3166.4353782692338,3055.8981276363893,3154.3953189467165,3170014
2022-04-20,3160.43798828125,3171.4116009849918,3092.196369835976,3109.96761334078,2640370
2022-04-21,3224.280517578125,3237.9200314876925,3169.856093338657,3181.052061670126,2280996
2022-04-22,3209.975341796875,3213.929400104954,3173.4998209772857,3182.0301046657846,1581465
2022-04-25,3152.796875,3184.6074503969367,3139.3797137260713,3161.5048293840127,1960694
2022-04-26,3151.10791015625,3188.071964429589,3126.094756154156,3176.7427973254776,1943469
2022-04-27,3164.347412109375,3170.789487548089,3115.5654379746916,3150.841311128136,1727648
2022-04-28,3184.87353515625,3202.7335052062913,3143.7775334280645,3188.161171907679,1703660
2022-04-29,3151.46337890625,3219.4828558444133,3142.7111717645585,3196.1580990746857,2051115
2022-05-02,3147.642578125,3152.574141608423,3103.525552683142,3127.6499290847396,1324161
2022-05-04,3091.974609375,3150.3531080776697,3079.134927751278,3144.177643587452,2305825
2022-05-05,3121.874267578125,3139.290173030347,3096.950272047163,3120.719310294704,1612262
2022-05-06,3050.078857421875,3087.309528817,3042.8814164437517,3073.536813981293,2010812
2022-05-09,3061.18603515625,3070.8712773534085,2973.8847900752394,3019.3346644811577,2481830
2022-05-10,3055.542724609375,3078.68980921061,3040.6593103928117,3051.3220549061707,1622685
2022-05-11,3031.77392578125,3064.161971372953,3005.25025996758,3052.2108543548047,1841769
2022-05-12,3028.7978515625,3065.2733780199605,2976.7727015096975,3001.563503351638,2807195
2022-05-13,3034.350830078125,3056.56488405373,3005.250419370082,3052.21101624816,2187823
2022-05-16,3000.496826171875,3047.7682909715472,2991.433535282342,3034.439858212196,1195813
2022-05-17,3066.96142578125,3080.645197108395,2977.0387561429793,2994.4546623176498,1754076
2022-05-18,3064.47314453125,3105.5246719148026,3059.3639122384,3078.867807778195,1866781
2022-05-19,2898.445068359375,3025.553918820275,2870.0555529484545,3018.445422094706,4642963
2022-05-20,2926.03515625,2944.6060183878694,2905.6426983201104,2941.140712780899,3065125
2022-05-23,2951.581298828125,2966.8200528085695,2902.9325214936357,2936.5202138894765,2293690
2022-05-24,2921.592529296875,2954.3361333164494,2910.5744447313305,2945.716906382836,1711510
2022-05-25,2833.61328125,2945.610802185031,2821.4475663720973,2945.610802185031,3548046
2022-05-26,2886.66015625,2899.6758667069867,2845.153237526035,2854.501215690882,2813186
2022-05-27,2917.3876953125,2933.131599681016,2888.6726342881934,2910.1417734778424,3103153
2022-05-30,3019.321533203125,3029.4747349681716,2939.7963456033503,2949.3231893846983,2094624
2022-05-31,3009.57080078125,3026.6117549875394,2974.370271265418,3000.4462420749037,4840965
2022-06-01,3001.38623046875,3030.7274370567666,2987.8339209345313,3030.7274370567666,1493835
2022-06-02,3062.03662109375,3070.0875499835674,2993.424859678505,3001.2073805929103,2657939
2022-06-03,3077.3779296875,3110.6105050464353,3069.37177211008,3094.5979714961795,1913622
2022-06-06,3069.147705078125,3088.8725211555457,3021.021005842092,3057.5633586184927,1084210
2022-06-07,3008.0947265625,3058.323697921214,3002.1013022067764,3042.400709313866,2308256
2022-06-08,3045.173828125,3053.9404374288993,2993.603251373876,3023.704687819316,2185707
2022-06-09,3065.704345703125,3074.5602801002638,2999.5078194513303,3028.043802193597,1279197
2022-06-10,3005.590087890625,3035.1996977943127,2998.523249928245,3025.3596751960995,1527582
2022-06-13,2880.08544921875,2945.7451536237168,2855.7983516097243,2943.0615109086025,3030921
2022-06-14,2871.98974609375,2897.3500386797054,2839.920128333768,2853.606749841241,2611493
2022-06-15,2868.18798828125,2892.966912903787,2863.4468423639523,2879.101425225986,1404536
2022-06-16,2810.66845703125,2902.6727617050265,2802.6622999813585,2898.3341186445737,2032028
2022-06-17,2763.16796875,2789.870301721433,2704.9778226240087,2765.9411536425396,5240434
2022-06-20,2784.189697265625,2807.7611124816544,2745.3664210931734,2767.7301097628797,1502769
2022-06-21,2873.241943359375,2896.321313698456,2795.8188096638946,2799.9338157288753,2964461
2022-06-22,2883.081787109375,2907.7713851734843,2847.3446585890692,2862.4624238008673,3336315
2022-06-23,2959.878662109375,2968.108455014427,2883.0816757569546,2883.0816757569546,3692578
2022-06-24,2945.83447265625,2992.2614007537363,2931.879444236284,2986.894115729963,2132118
2022-06-27,2965.156982421875,3008.2741344642945,2957.821735542528,2996.73455740737,2037686
2022-06-28,2968.24365234375,2978.844130978839,2927.4971753585874,2958.2695318759825,1400046
2022-06-29,2943.508544921875,2981.5268136224313,2926.064868694561,2926.064868694561,2133994
2022-06-30,2922.576171875,2961.7571769517335,2911.7520599621494,2926.959367187758,2719603
2022-07-01,2965.5146484375,2981.526962105953,2909.1133821479257,2916.2249914387658,1502879
2022-07-04,2893.90625,2968.0641585009434,2884.9607740218207,2962.7416439730086,2622535
2022-07-05,2877.1337890625,2926.9600518902243,2868.76968077365,2911.752741107176,2170627
2022-07-06,2916.896484375,2923.8292292201754,2864.565442640449,2879.1018431222687,2182144
2022-07-07,2941.13818359375,2969.3609834462977,2920.7424562325778,2926.064970356502,1989921
2022-07-08,2921.1005859375,2956.479989245835,2907.2798683960555,2952.007250986764,2136916
2022-07-11,2785.442138671875,2884.9157801887623,2778.464624268619,2868.053471913843,6974600
2022-07-12,2759.41064453125,2805.4798410310173,2755.429951813746,2786.4259354986384,3734815
2022-07-13,2718.306396484375,2782.04291010001,2714.9518431361835,2776.675624742904,3863530
2022-07-14,2689.605224609375,2741.8501614442216,2661.128370626433,2740.9532526573576,4764908
2022-07-15,2685.883544921875,2716.6473457633606,2648.5720461846936,2707.3644698054904,4574806
2022-07-18,2747.68017578125,2759.7435556409487,2703.552305539903,2711.3553684957465,3202795
2022-07-19,2757.322021484375,2761.5374492687492,2717.678694261558,2717.678694261558,1865074
2022-07-20,2838.536865234375,2844.9496752294567,2778.6682059727723,2787.413066314355,3402251
2022-07-21,2849.748291015625,2855.757536006189,2819.926074284405,2840.5100868503773,2420640
2022-07-22,2844.09716796875,2867.4167915471758,2819.4321814915693,2856.653888357133,2075886
2022-07-25,2840.2861328125,2857.9551935626573,2824.4557790199847,2838.716542307275,1797504
2022-07-26,2794.678466796875,2842.2146404168366,2777.27852102286,2838.4476666790706,2639367
2022-07-27,2860.107666015625,2864.816437135854,2789.3863207449663,2793.870864668994,1389808
2022-07-28,2924.371337890625,2927.5105189004753,2871.5881638933847,2884.4588936225273,2106333
2022-07-29,2961.50341796875,2975.315946452222,2937.3766560770605,2950.8302896163445,2430257
2022-08-01,2958.722900390625,2984.0156856722806,2933.78879105321,2984.0156856722806,1306913
2022-08-02,2952.444580078125,2971.369225326498,2934.371735466329,2950.8301003625766,1269114
2022-08-03,2995.22705078125,3003.747684703221,2939.2151378990916,2941.8609751646954,2895824
2022-08-04,3009.084228515625,3038.6373306019964,2966.39149968863,3004.64457361168,2150567
2022-08-05,3018.143310546875,3028.861328010929,3009.129332388708,3014.6901237242273,1106933
2022-08-08,3026.573974609375,3030.56517513093,2992.087873696429,3018.098229912615,1068836
2022-08-10,3008.45654296875,3036.0364904074586,2991.1910474176884,3036.0364904074586,1878359
2022-08-11,3069.670166015625,3075.2309564153497,3027.1118900503357,3049.489719343499,1449248
2022-08-12,3050.880126953125,3066.5311414854314,3032.6728347901767,3066.5311414854314,1472354
2022-08-16,3042.942626953125,3062.8092894639904,3038.278744703972,3059.3561027853134,839942
2022-08-17,3050.476806640625,3065.589589525235,3023.56954088203,3036.126264902708,1622326
2022-08-18,3032.6728515625,3042.314621072089,3015.407357324399,3040.520803488909,1430659
2022-08-19,3036.709228515625,3068.773720849505,3023.7040498067786,3037.8303646112154,1398410
2022-08-22,3008.7255859375,3035.22928589152,3002.3125563634576,3018.0982394990715,1536532
2022-08-23,2945.9873046875,2997.3800137393264,2932.892346073451,2977.69290554707,1849256
2022-08-24,2919.752685546875,2966.974854945067,2915.133472995961,2952.624311511234,1691923
2022-08-25,2886.431884765625,2940.201524060297,2883.337593169555,2938.2732577100746,1946930
2022-08-26,2890.019775390625,2921.2322484903357,2885.1765549837287,2900.8724605252028,1457962
2022-08-29,2809.611572265625,2818.7151085660375,2763.375882019418,2802.8398673517304,2539173
2022-08-30,2880.1083984375,2893.87603511629,2818.1770254281655,2829.747060527474,3431525
2022-09-01,2808.849365234375,2861.139194303962,2799.252484458516,2861.139194303962,3546935
2022-09-02,2807.68359375,2836.922912111712,2798.624945047044,2836.922912111712,2052900
2022-09-05,2810.373779296875,2823.4238453556204,2791.404246893078,2801.6289190166253,2147912
2022-09-06,2804.678955078125,2817.0563414080293,2786.112985069215,2812.257791314557,1936453
2022-09-07,2824.904052734375,2835.935855830716,2782.211106134661,2782.211106134661,1291534
2022-09-08,2842.887451171875,2855.3097280912734,2834.3221456196243,2843.201456902572,1346113
2022-09-09,2885.938720703125,2900.1548137963414,2841.8557375950854,2865.623822507905,1561185
2022-09-12,2908.630126953125,2932.7122139820603,2892.5306590174614,2905.8945115277447,1785928
2022-09-13,2896.432861328125,2927.017323620031,2892.5312200007593,2927.017323620031,1972678
2022-09-14,2798.71435546875,2817.5494417731366,2792.794888299078,2811.809312583414,5090269
2022-09-15,2784.319091796875,2814.2757599671518,2780.4174506886047,2807.32471634043,2138023
2022-09-16,2698.52978515625,2775.350164437028,2690.726721458401,2758.8917984020136,5322221
2022-09-19,2716.5576171875,2728.3967704245497,2679.784353680792,2723.015317228446,2072220
2022-09-20,2726.871826171875,2762.434171951961,2717.6336218806787,2735.571797602663,1544295
2022-09-21,2691.802734375,2727.85842551412,2689.0671186515897,2715.839934791707,2253818
2022-09-22,2697.36328125,2717.5886173125486,2672.16027681335,2681.757156622946,2017983
2022-09-23,2674.627197265625,2710.9071180452506,2671.8915813587437,2694.3143035923686,2652374
2022-09-26,2685.703857421875,2713.9118168201303,2624.445156215398,2654.715830856097,2925489
2022-09-27,2706.377685546875,2713.1493914587795,2669.200855861596,2699.1575251901013,2227447
2022-09-28,2722.700927734375,2735.5267665048214,2672.7880439651785,2672.7880439651785,2739767
2022-09-29,2688.304931640625,2740.818988441174,2681.757453261362,2739.1596194850167,2493902
2022-09-30,2694.806884765625,2708.3949630056222,2645.9702533537597,2682.519280252822,2817353
2022-10-03,2677.22802734375,2709.292518723233,2667.406919233083,2686.2420050783735,1763331
2022-10-04,2772.4794921875,2778.6234049291743,2711.355246320495,2717.588718557192,2145875
2022-10-06,2782.166259765625,2801.943142965374,2773.645626008208,2790.2833283499613,1790816
2022-10-07,2748.936279296875,2784.902417429581,2742.837473334792,2778.085821508296,1939879
2022-10-10,2797.05517578125,2804.634011871847,2695.2111306923252,2699.6956750029613,3064063
2022-10-11,2753.1064453125,2820.7781703423966,2738.5765665760173,2780.417274423348,4730645
2022-10-12,2781.090087890625,2789.296716194542,2746.3797595487877,2766.8739951763155,1665247
2022-10-13,2783.37744140625,2789.386687259664,2737.679976610315,2781.0902799100977,2054781
2022-10-14,2779.654541015625,2825.262436507995,2754.4066484177947,2820.7778929579827,2245977
2022-10-17,2798.17919921875,2813.1512922234274,2761.9401831157984,2763.019215303223,1517005
2022-10-18,2827.808349609375,2837.385280197572,2813.2858738876407,2832.574312201108,1793722
2022-10-19,2807.261474609375,2840.6677838083356,2798.403970627268,2840.6677838083356,1194289
2022-10-20,2839.1396484375,2841.567526150219,2792.109863511528,2792.109863511528,1587601
2022-10-21,2821.244140625,2841.9264308188326,2811.8922363527845,2839.5885645200665,1021913
2022-10-24,2843.095947265625,2857.7534427519686,2837.071149113424,2850.6496123176526,260949
2022-10-25,2843.455322265625,2863.373179310594,2833.608577956596,2860.001066749578,2069643
2022-10-27,2839.22900390625,2854.1563112448976,2818.501925922069,2842.1965071167756,2438421
2022-10-28,2844.489501953125,2858.2027604387918,2828.0785532735567,2832.574703596726,1355739
2022-10-31,2871.376708984375,2876.6372932566983,2857.573657696762,2876.6372932566983,1919414
2022-11-01,2931.219970703125,2933.827869411688,2880.638283485939,2890.5748188380967,2991060
2022-11-02,2915.033935546875,2940.4821892267983,2897.364153326128,2940.4821892267983,1405955
2022-11-03,2883.606201171875,2902.75984672767,2873.0402472110827,2902.75984672767,1422652
2022-11-04,2893.182861328125,2895.565952837209,2847.0973182984712,2892.823257100407,1464013
2022-11-07,2907.84033203125,2916.0234137611046,2873.1301818756806,2903.6139944666893,1474498
2022-11-09,2891.968994140625,2922.318009880542,2879.0199490351015,2922.318009880542,1162267
2022-11-10,2882.616943359375,2900.0171339786884,2850.5594774302144,2850.5594774302144,1573092
2022-11-11,2981.80224609375,3004.867631737678,2927.0392164131276,2940.1230593285322,3265394
2022-11-14,2999.3818359375,3011.5214416293475,2975.5522395794296,2989.040690348149,1342074
2022-11-15,2996.774169921875,3003.3833791047664,2960.26534186353,2986.3430134656087,1400708
2022-11-16,3017.2314453125,3028.5166060956044,2986.7474168217614,3002.4389362944166,1748235
2022-11-17,3011.521484375,3021.4130150791284,2983.420544874636,3003.4284137988952,1417986
2022-11-18,3006.531005859375,3023.886191689514,2986.3433328677056,3012.4210072589017,1164540
2022-11-21,2952.6220703125,2997.7633779898833,2943.180154144301,2987.6920446515246,1304194
2022-11-22,2980.90283203125,2984.4997524987552,2927.2188379614577,2949.474783354145,1149739
2022-11-23,2974.9228515625,2994.4360999578107,2959.3661276159623,2994.4360999578107,1150011
2022-11-24,3039.531982421875,3051.042169518214,2974.9224431994753,2982.071277287825,1296591
2022-11-25,3048.0751953125,3060.394823210972,3010.6223497742653,3042.0954030126463,1588981
2022-11-28,3053.110595703125,3072.6688478072538,3026.403509151408,3026.8081187355037,2195437
2022-11-29,3054.99951171875,3083.460056975127,3042.0954717838595,3042.0954717838595,1576028
2022-11-30,3049.109375,3070.7806880330454,3034.9014959409137,3042.095336523885,3410702
2022-12-01,3125.4091796875,3129.3209186512586,3075.3671097089955,3079.863260454184,2180856
2022-12-02,3092.5869140625,3119.3390078373773,3069.0721362573277,3109.6274990054326,2411749
2022-12-05,3080.67236328125,3092.5871623054572,3063.6770019225387,3087.056984913436,1475065
2022-12-06,3044.20849609375,3064.5309632236253,3028.6067671234496,3057.4271337408773,1166999
2022-12-07,3039.9375,3051.717283114325,3016.0178904534705,3028.8769253670016,1167505
2022-12-08,3012.915283203125,3039.9371900709016,3002.933741848368,3021.4129632545614,1285619
2022-12-09,2960.939697265625,3034.092148416434,2946.192412509452,3034.092148416434,1797896
2022-12-12,2955.274658203125,2963.8623493913924,2909.9985553110337,2927.4435310812128,1527610
2022-12-13,2996.324462890625,3000.235981787679,2938.503928206121,2946.9566026504367,1378016
2022-12-14,3026.223876953125,3036.699819013769,3004.237527032983,3011.3415760111543,1213311
2022-12-15,2972.045654296875,3025.6846448877172,2966.5152571554577,3020.33426940705,1415694
2022-12-16,2913.72998046875,2960.265132537034,2900.1965251865877,2944.978222678854,2703680
2022-12-19,2879.379638671875,2918.4511406152537,2872.590407855624,2901.815384614212,2120965
2022-12-20,2917.05712890625,2921.598284336248,2844.84891564421,2876.5467732997513,1529971
2022-12-21,2939.178466796875,2952.2173027124622,2913.5054045863976,2921.598475154693,1432566
2022-12-22,2931.219970703125,2962.0636034383856,2918.091344499675,2962.0636034383856,1384101
2022-12-23,2903.029541015625,2937.649899386993,2892.82319170629,2892.82319170629,1360281
2022-12-26,2925.10546875,2942.2808512656748,2900.0620424940166,2903.0295456954937,870157
2022-12-27,2931.039794921875,2943.8988261182426,2905.861358272753,2939.762280853326,835883
2022-12-28,2928.88232421875,2936.975394780793,2900.916181461144,2922.317900855153,910795
2022-12-29,2939.358154296875,2941.8310368741036,2902.714530652486,2905.502231554976,1037927
2022-12-30,2928.5224609375,2966.5599359733387,2919.080545409243,2954.914950729539,1163131
2023-01-02,2932.7939453125,2937.649919541841,2909.1891553518903,2932.3893356780377,709547
2023-01-03,2977.666015625,2985.4442690527153,2918.271816906754,2924.2966153492257,1245178
2023-01-04,2980.6328125,2992.05320982366,2955.049761355759,2973.4839774740417,1231668
2023-01-05,2977.4404296875,3001.0002109004563,2951.2277444426995,2994.6155903233216,1826057
2023-01-06,2887.92236328125,2968.8530692467866,2877.5362121079547,2967.4592187363287,2488376
2023-01-09,2985.398681640625,2991.7382972331907,2896.5547111423953,2903.613754663653,2885060
2023-01-10,2955.229736328125,2965.660893386526,2904.6032569263607,2953.9709019935526,3864655
2023-01-11,2993.266845703125,3011.9708735396725,2941.516115492318,2958.556699558339,2720512
2023-01-12,2998.34765625,3012.420518018747,2981.4420882411646,2993.5366879057938,2250391
2023-01-13,3034.4970703125,3038.498600471692,2971.9555710443747,3006.036305057248,1742837
2023-01-16,3066.225830078125,3083.6535317955436,3033.1177098441135,3050.5454115615325,1843607
2023-01-17,3107.012939453125,3110.1399520710393,3054.223972942188,3062.501002679159,1688475
2023-01-18,3117.68115234375,3135.1088531125965,3101.3570106168763,3108.4844527793143,2421189
2023-01-19,3102.138916015625,3114.9222389947813,3091.0108193863184,3108.484549100195,1585044
2023-01-20,3092.94140625,3121.956807053881,3086.0438831691254,3094.688688952323,1529349
2023-01-23,3140.580810546875,3144.35154713911,3086.044562341497,3115.8417787971057,1067916
2023-01-24,3160.26171875,3174.654462857429,3142.787990669495,3149.8694039858374,1387863
2023-01-25,3154.23779296875,3159.0660598724853,3131.4759632797122,3150.1453068799115,874110
2023-01-27,3137.040283203125,3169.1827036169857,3110.599771674109,3150.789304292453,1785879
2023-01-30,3157.82470703125,3180.632567224445,3113.5887161305623,3145.271301734969,1953798
2023-01-31,3088.895263671875,3171.941500962948,3081.8138503122173,3171.941500962948,2820375
2023-02-01,3134.55712890625,3144.351523952907,3085.492647809887,3092.8500073277646,2205161
2023-02-02,3182.42578125,3190.3350325720744,3145.363262166592,3151.708894962381,1813847
2023-02-03,3202.56640625,3222.5231973552636,3175.5279775823224,3222.5231973552636,1804469
2023-02-06,3182.01220703125,3194.151806260683,3160.767964511945,3194.151806260683,1138714
2023-02-07,3193.599853515625,3212.4070586382527,3183.345399100722,3190.2429235610102,1455647
2023-02-08,3237.330078125,3255.5393623719233,3198.6579142429127,3198.6579142429127,1986946
2023-02-09,3256.41357421875,3262.621346651852,3223.719261165319,3232.6400151634225,1655427
2023-02-10,3253.378173828125,3257.792634083155,3226.339745096551,3237.2379228015834,1187821
2023-02-13,3202.658203125,3263.9083050860527,3194.3811744561426,3263.9083050860527,1087939
2023-02-14,3218.936767578125,3241.6985980328905,3214.246361188052,3223.4430603616947,1579818
2023-02-15,3237.8359375,3242.756261571135,3182.1959052183624,3206.889133323468,1429449
2023-02-16,3272.231201171875,3287.8195594922468,3243.6754087634,3243.8592978190177,1618931
2023-02-17,3219.902099609375,3254.619637461406,3209.64787029373,3242.89384653125,1061369
2023-02-20,3207.164794921875,3239.0772946281572,3195.89883897094,3220.6838971572424,1296082
2023-02-21,3173.781005859375,3227.029806293947,3168.0330686566454,3213.326813814157,1139541
2023-02-22,3128.30322265625,3170.1021750983955,3122.2793398488698,3140.6267096205747,1218430
2023-02-23,3139.5693359375,3175.068461467988,3134.2352052950296,3146.190914704899,1441570
2023-02-24,3127.291748046875,3158.100692470088,3110.599827670895,3147.5705160729894,977592
2023-02-27,3064.202392578125,3117.681110007593,3049.6255341549195,3117.681110007593,1128022
2023-02-28,3046.728759765625,3119.52054831469,3034.8188539926205,3061.121505031087,4116217
2023-03-01,3113.726806640625,3116.76176267558,3048.7061797785623,3056.0635400917536,1669307
2023-03-02,3054.637451171875,3099.195411560482,3051.464635019518,3091.0104395119347,1556538
2023-03-03,3073.6748046875,3088.2516630694918,3063.5126314585646,3084.5729833040723,1043190
2023-03-06,3100.98974609375,3131.430691976992,3089.171895384422,3091.8388488883434,1334132
2023-03-08,3118.049072265625,3123.1993140673653,3063.282903492702,3093.7698741232675,1844590
2023-03-09,3068.80078125,3113.0827998019863,3063.28276151623,3113.0827998019863,1648500
2023-03-10,3063.420654296875,3069.16859157978,3025.7141857210204,3046.774538114063,1024404
2023-03-13,3018.310791015625,3099.103887099542,3009.1601197869472,3065.2599875458113,1901233
2023-03-14,2956.6923828125,3038.956801633835,2951.5881705094835,3016.5169482934,2670334
2023-03-15,2941.931884765625,2998.4457784271503,2935.5862524149616,2988.927105372376,1780522
2023-03-16,2929.148681640625,2961.1532396142297,2917.1929727359693,2950.301089702708,1901060
2023-03-17,2923.90673828125,2962.62470874156,2891.4423439035454,2897.420198622175,6739966
2023-03-20,2890.79833984375,2915.031506138674,2846.4242687303476,2915.031506138674,2289468
2023-03-21,2856.5869140625,2903.168107097095,2848.631634298453,2890.798591207588,1815297
2023-03-22,2879.302490234375,2890.9822527438723,2856.5866892222766,2878.6127378279625,1123939
2023-03-23,2873.646728515625,2893.603746811064,2851.896623184191,2864.6799461628207,1372218
2023-03-24,2869.830322265625,2915.3539886499057,2856.4951068601285,2895.9488612483124,1329577
2023-03-27,2871.4853515625,2899.4892548960856,2856.494687402186,2883.1651142967976,1524217
2023-03-28,2865.599853515625,2896.546885788347,2860.3117506644003,2875.8082810051706,1303530
2023-03-29,2886.751953125,2896.960379511943,2854.7476180791455,2877.6473103151966,1740616
2023-03-31,2948.369384765625,2954.899130296117,2898.7992713020108,2933.7006960491485,2382581
2023-04-03,2942.94384765625,2965.889568062685,2918.8025114059446,2965.889568062685,1521830
2023-04-05,2979.546630859375,3002.124572143045,2929.608509647277,2929.608509647277,2655065
2023-04-06,2961.98095703125,2995.686995347432,2956.7388832326774,2965.935582713961,1703464
2023-04-10,3001.2509765625,3009.1602283433854,2956.7390385464496,2961.337388528637,2203187
2023-04-11,2955.63525390625,3010.033640232757,2935.7242652855402,3001.8026392985266,2348779
2023-04-12,2981.24755859375,2998.9972308850074,2942.0237308927276,2968.648127065232,2417727
2023-04-13,2932.689453125,2970.5337797333086,2924.550284690997,2952.140381716384,4174070
2023-04-17,2887.3037109375,2909.2837321918887,2823.6165690415223,2882.3375831860076,5505048
2023-04-18,2879.256591796875,2903.260066434997,2860.725332786317,2901.51255887594,2617302
2023-04-19,2841.41259765625,2887.7638770819635,2824.766480400398,2879.256929354891,3298034
2023-04-20,2855.3916015625,2862.9328510282207,2830.7443994426158,2841.7804399862516,2419999
2023-04-21,2906.938720703125,2910.2493976571473,2851.7124977803655,2860.173416034582,1929184
2023-04-24,2919.768310546875,2925.4241911378012,2875.0262311012816,2897.9721768285667,1640676
2023-04-25,2920.8720703125,2934.851010126116,2894.661473963663,2927.309760643793,2024090
2023-04-26,2941.2421875,2950.6688039321384,2925.469938598228,2925.469938598228,2000029
2023-04-27,2931.86181640625,2942.2081034997614,2915.951481125579,2929.1488349186,2434446
2023-04-28,2960.6474609375,2968.004820473883,2939.4950522704,2943.311592718381,2931312
2023-05-02,2960.78515625,2975.1320963561516,2952.1403490891025,2975.1320963561516,2321159
2023-05-03,2924.4580078125,2957.65817854612,2918.250236448947,2957.65817854612,2468285
2023-05-04,2961.98095703125,2965.429719336731,2922.711095151928,2924.688295728886,1953253
2023-05-05,2971.17822265625,2983.4098802027997,2952.1871244202553,2961.33779724199,1710027
2023-05-08,2989.47900390625,2993.387600899083,2971.7293303036295,2984.3287627630057,928235
2023-05-09,3019.50634765625,3033.071479348302,2985.248642196661,2991.3185536466567,1107375
2023-05-10,3022.771240234375,3040.888693365604,3003.6880887487146,3025.714139172187,1559987
2023-05-11,3018.49462890625,3043.831580870088,3009.160068749002,3043.1878568124844,1719623
2023-05-12,3011.275634765625,3025.7144093818356,2998.124308384433,3015.7358997095816,1027479
2023-05-15,2993.57177734375,3027.553537790775,2987.41003345753,3020.196178039157,1150390
2023-05-16,2996.422119140625,3021.115343494851,2989.3407064680187,2994.628807906404,986306
2023-05-17,2950.945068359375,3016.517583915495,2941.334561816381,2994.3994756276697,1588815
2023-05-18,2942.805908203125,2969.56816838411,2938.3454192418985,2966.809158600784,1369364
2023-05-19,2963.958740234375,2974.6728066129963,2945.749228155651,2952.140890161607,1152449
2023-05-22,3033.715087890625,3042.6818695151333,2958.6241295338236,2970.533809965233,1333243
2023-05-23,3032.19775390625,3060.6154646158416,3025.8060928695586,3040.4287547824956,1687418
2023-05-24,3037.99169921875,3050.7289928061655,3012.838637267653,3012.838637267653,1016555
2023-05-25,3028.93310546875,3040.428980318715,3004.6539075971464,3029.392940462749,1374917
2023-05-26,3061.489013671875,3070.455795118888,3026.6336145765354,3028.932789306539,1791115
2023-05-29,3053.62646484375,3101.1273319405063,3045.947130304554,3090.8270725408915,1210372
2023-05-30,3049.8095703125,3059.6960226867827,3036.152605703449,3048.7060112322947,1344224
2023-05-31,3025.25439453125,3060.3857428071565,3002.8603407413625,3043.187959113515,5815424
2023-06-01,3056.98291015625,3071.6976293387106,3032.611656510299,3047.786210667212,1177314
2023-06-02,3040.06103515625,3067.926854638959,3032.5655904484856,3059.0521295537624,2030661
2023-06-05,3024.7021484375,3059.741660328517,3021.1615541519814,3048.7056218782786,1861468
2023-06-06,2972.649169921875,3024.6565495489344,2961.8890766094332,3016.5173808287786,2022849
2023-06-07,3011.8271484375,3015.460024506568,2980.65042571226,2991.6864655482823,1567196
2023-06-08,2976.4658203125,3007.3207926165123,2973.293003831555,2999.043762912063,1759366
2023-06-09,2951.496337890625,2988.926853893633,2947.8636870816445,2984.328504887643,1775689
2023-06-12,2986.07666015625,2992.9741856805217,2953.0605944582653,2956.739274737877,2324605
2023-06-13,2983.13330078125,3002.7223151549406,2978.81089702507,2998.123965514581,1371928
2023-06-14,2989.892578125,2994.3070381149414,2966.7169438387605,2983.132915215831,1658544
2023-06-15,2979.932861328125,3008.793544788029,2974.0958056287536,3006.8016396344283,2273810
2023-06-16,2941.57568359375,2964.2751722279727,2924.0647399839595,2962.051639331026,4156189
2023-06-19,2974.466064453125,2978.6353572818057,2941.6677180136153,2955.565360775884,1468186
2023-06-20,2990.494873046875,2994.942164191664,2965.8034836575825,2977.8017372658956,1528452
2023-06-21,3018.753662109375,3021.718447715978,2987.020706957234,3011.1563283053792,1645987
2023-06-22,3000.501708984375,3027.5093766697696,2992.7191178657326,3020.421667836672,1529603
2023-06-23,2979.979248046875,3010.600209425588,2973.308197955416,2999.389578963673,1119505
2023-06-26,2955.2412109375,2977.7090684012846,2939.8149168077966,2969.463223564131,1978803
2023-06-27,2962.37548828125,2973.771375126299,2948.431473899292,2966.683667337439,863542
2023-06-28,2979.145263671875,2993.506162547034,2958.7156816452284,2972.242812355477,1575872
2023-06-30,3059.56689453125,3066.7473452641193,2977.895148610408,2983.3614657856388,2672406
2023-07-03,3031.8173828125,3074.900078835827,3028.5282285215303,3070.7307856722796,1687264
2023-07-04,3065.681396484375,3071.3793400747436,3036.4499732116597,3048.2165999535164,1656681
2023-07-05,3075.9658203125,3084.350778301896,3062.114545595604,3076.0121910370362,1453008
2023-07-06,3078.69873046875,3083.8409041072446,3059.334769860957,3063.550433878052,1848238
2023-07-07,3084.58251953125,3110.200423093998,3059.3351293811484,3059.3351293811484,1789326
2023-07-10,3031.492919921875,3080.412670096129,3025.238980370586,3080.412670096129,1407431
2023-07-11,3031.91015625,3052.8493652895645,3021.1627797878978,3052.8493652895645,1110172
2023-07-12,3020.327880859375,3047.428280614478,3011.2482697635396,3039.8309488288323,1515240
2023-07-13,3095.052001953125,3119.9750222295534,3032.2345994922275,3042.657833544412,4585146
2023-07-14,3256.356689453125,3265.8072677930727,3105.66000208669,3117.704626199795,6306101
2023-07-17,3235.09375,3289.0165672292546,3221.520473895772,3252.0489220985337,2743228
2023-07-18,3239.864990234375,3265.0196338808823,3210.355570771072,3220.547175757647,2600090
2023-07-19,3215.0341796875,3258.394867422906,3192.4272132654623,3242.7830926261095,2405370
2023-07-20,3217.125,3231.615999345678,3191.8119589657226,3207.6500721995853,1715404
2023-07-21,3128.87744140625,3190.743301408389,3120.2849419514946,3162.086290650304,3770223
2023-07-24,3153.447509765625,3170.8182482458337,3132.4075869016933,3140.6748745909354,1680132
2023-07-25,3157.534423828125,3164.6407891152476,3139.9314569469643,3156.001798437655,1272980
2023-07-26,3147.4560546875,3177.6924112049487,3144.390576862288,3158.6495731471414,1066803
2023-07-27,3155.4443359375,3169.1458889102455,3144.4367836891192,3153.632989545926,1701769
2023-07-28,3116.89453125,3152.4721721313763,3094.2289997510134,3144.3906226830322,2599831
2023-07-31,3178.249267578125,3183.0796001094527,3122.0031873822436,3125.2544032688634,2743678
2023-08-01,3206.67431640625,3214.0591758025353,3172.2578281403635,3172.2578281403635,1956167
2023-08-02,3196.08447265625,3201.4257559135945,3170.957399805504,3190.789680697638,1914899
2023-08-03,3158.277587890625,3189.21063084712,3128.59867609207,3176.9024561267456,2026351
2023-08-04,3198.77880859375,3224.277587720079,3159.485492720518,3159.485492720518,2248493
2023-08-07,3236.39990234375,3240.0690865999345,3196.642128515489,3208.439353054858,1853889
2023-08-08,3223.90625,3241.8806958970467,3210.9013844925967,3236.4001647193836,1634225
2023-08-09,3216.381591796875,3220.561726717622,3181.5936254249154,3218.6109063732065,1794589
2023-08-10,3197.431884765625,3218.6110545764855,3186.2383664939557,3204.770253471881,1096701
2023-08-11,3203.6552734375,3220.2363383110205,3171.328853127344,3193.715887415701,1679974
2023-08-14,3204.630859375,3209.414700848217,3168.5422705045635,3196.1311156291627,1190425
2023-08-16,3212.5732421875,3219.6331170018425,3191.022367661881,3204.770413634263,1328445
2023-08-17,3191.53271484375,3214.802175760113,3170.5855508893633,3209.414401450966,1843241
2023-08-18,3127.763427734375,3167.6139643125885,3117.9167950777723,3167.6139643125885,2526749
2023-08-21,3159.857177734375,3167.3815122350584,3132.314820516641,3135.101577474396,1375579
2023-08-22,3141.742919921875,3168.54232050071,3125.858543041599,3158.3242127535664,1222012
2023-08-23,3156.698486328125,3160.181932020387,3136.0300418873685,3147.177068102608,1330046
2023-08-24,3146.9453125,3170.447008335197,3137.981334949488,3165.755922072172,1152881
2023-08-25,3140.953369140625,3145.133503987289,3112.110393341278,3135.1011349979294,1158046
2023-08-28,3135.6123046875,3152.7508133982506,3121.2605527357937,3152.7508133982506,1037485
2023-08-29,3136.169677734375,3148.617327956399,3125.812321973633,3140.721516741904,944517
2023-08-30,3149.9169921875,3165.848084833373,3142.578624772021,3156.465914737002,1188200
2023-08-31,3118.195068359375,3174.487418701091,3105.979648519252,3159.2532391652235,3417652
2023-09-01,3139.002685546875,3148.1061360779117,3118.1949930075107,3126.741001486648,1277950
2023-09-04,3175.509033203125,3188.839109182288,3130.502961064895,3137.8878204359094,1828332
2023-09-05,3185.587890625,3201.9832173125233,3163.1078734372104,3176.902408821825,1501842
2023-09-06,3186.098876953125,3199.103741686018,3156.5594370607423,3189.907535196781,1314818
2023-09-07,3209.647216796875,3214.059581829734,3179.0393826105205,3186.9351937219517,1885092
2023-09-08,3197.24560546875,3218.703720990079,3190.8826476046866,3209.646762467813,1518917
2023-09-11,3233.24169921875,3237.9327853412556,3200.1258288885356,3215.917451266215,1783604
2023-09-12,3326.272705078125,3334.725730646849,3235.424395053453,3243.7846648081127,4476016
2023-09-13,3314.243408203125,3333.750705221569,3293.01752049451,3317.262394646456,1754929
2023-09-14,3306.997802734375,3341.9715088947505,3293.574969875399,3316.28699181143,2604721
2023-09-15,3342.529052734375,3350.9358144624653,3309.227218164352,3314.2435164908143,2952897
2023-09-18,3349.82080078125,3362.036220389306,3321.11729748375,3325.5761535614656,1395753
2023-09-20,3349.72802734375,3367.3309950501616,3325.52964476678,3325.52964476678,1649396
2023-09-21,3330.453125,3348.7527827829417,3277.2260243157334,3333.472111558681,2004073
2023-09-22,3347.498291015625,3375.4588388474685,3311.6421598212573,3329.2451265027385,1989083
2023-09-25,3322.88232421875,3362.686591856432,3305.697323680257,3346.430510265966,1238778
2023-09-26,3330.824462890625,3339.4169627375986,3284.6572387999286,3314.0111668297322,1726062
2023-09-27,3334.168701171875,3357.112952975128,3302.956934967385,3334.818899053876,1541134
2023-09-28,3285.35400390625,3346.709144183534,3276.6222567368527,3344.1081258394006,1755753
2023-09-29,3277.783203125,3314.8004838838106,3256.371577894297,3285.7717693049917,2243791
2023-10-03,3264.08154296875,3282.984905211429,3232.730532250144,3282.984905211429,1948148
2023-10-04,3286.28271484375,3295.8041332105504,3230.12961480862,3238.4898845941034,1788138
2023-10-05,3334.215087890625,3366.4020365150864,3298.776696384458,3301.37771461772,2990768
2023-10-06,3363.986572265625,3376.5734678144586,3320.9313204133978,3335.7475304474665,2075691
2023-10-09,3379.732177734375,3417.492640385133,3372.904533090084,3385.955889020274,4233074
2023-10-10,3370.95361328125,3388.6960545006336,3345.362079715791,3381.311194805018,1848148
2023-10-11,3353.30419921875,3390.553937299432,3348.7525873875215,3390.553937299432,2426417
2023-10-12,3290.74169921875,3333.56472449737,3286.6080554652567,3320.885072209126,4241281
2023-10-13,3317.0302734375,3322.7430341793447,3274.4392495057846,3279.0838441859346,2890357
2023-10-16,3273.556396484375,3320.559552467454,3268.9582937059067,3312.5244954296677,1671104
2023-10-17,3257.76513671875,3282.9387033243615,3254.32818207953,3279.083780529412,1672065
2023-10-18,3239.37255859375,3272.3026895076964,3236.353572052656,3261.4343833171283,1408245
2023-10-19,3218.324462890625,3238.0686815240006,3214.832003562597,3231.223370291604,1514545
2023-10-20,3254.552978515625,3259.1629792610242,3207.5211938456205,3213.434955097758,1481211
2023-10-23,3175.94921875,3240.0242499313185,3167.7071513441997,3234.4829267293885,1106272
2023-10-25,3157.276611328125,3189.7796767932823,3145.262414223449,3157.6490493920073,1518537
2023-10-26,3107.590087890625,3142.0024058676267,3101.3036615496458,3136.7405251390774,1984471
2023-10-27,3120.815185546875,3131.1063449752,3107.8232817317794,3119.930474618358,1108851
2023-10-30,3146.519287109375,3150.5240188367916,3104.7959988159155,3119.9299875615498,910972
2023-10-31,3137.392578125,3165.5650829081633,3119.976893370138,3165.5650829081633,999811
2023-11-01,3101.908935546875,3140.04677064712,3083.6085408942245,3124.586727484181,1563475
2023-11-02,3129.336669921875,3144.0979943996585,3113.5971840186144,3113.5971840186144,1245384
2023-11-03,3120.768310546875,3155.2272412387383,3114.621718793595,3149.732529726521,1402598
2023-11-06,3148.102294921875,3159.3247744336686,3128.311695478908,3143.212852706554,1099852
2023-11-07,3138.975830078125,3170.3613524077323,3134.8314904867043,3146.0073603280116,1191144
2023-11-08,3149.3134765625,3168.312363594793,3138.13760716147,3139.9070288671746,992899
2023-11-09,3117.555419921875,3158.5802210317074,3112.526369431392,3157.276460496739,2112352
2023-11-10,3104.51708984375,3117.5556054640406,3094.1795460261487,3108.754652895078,1338557
2023-11-13,3102.7470703125,3125.5178566599852,3098.509508077405,3125.5178566599852,1030990
2023-11-15,3170.501220703125,3178.603680948949,3125.5649102414236,3150.757229249606,2059802
2023-11-16,3257.62646484375,3286.9631232989923,3179.7212020773018,3194.482754503449,3951984
2023-11-17,3261.910400390625,3282.446106711715,3252.6903987151904,3257.6264533729463,2021292
2023-11-20,3277.8828125,3291.200542556456,3251.4797282683567,3251.4797282683567,1475621
2023-11-21,3269.128173828125,3295.996918736589,3260.560052355792,3277.8827416982326,1807236
2023-11-22,3287.707763671875,3290.0360697315477,3242.026580680009,3259.6284835416786,1798051
2023-11-23,3267.312255859375,3300.6070362048386,3259.628845010422,3287.568520824797,2729804
2023-11-24,3219.675048828125,3263.8662551978136,3215.8565356961108,3254.273588142524,1989733
2023-11-28,3231.82861328125,3242.1663837595383,3197.2300740959413,3219.675036815199,1689195
2023-11-29,3272.434326171875,3276.3924466659996,3237.090683940245,3241.9335153053853,1441634
2023-11-30,3248.080078125,3275.134811820615,3241.9332593640556,3259.116112089636,3266235
2023-12-01,3270.478515625,3275.4145702734368,3250.3620863601263,3259.6286996171643,1172141
2023-12-04,3271.223388671875,3304.145727168507,3257.76582517753,3301.2119251213085,1625213
2023-12-05,3289.058349609375,3295.0187221482606,3262.236218437115,3295.0187221482606,1377656
2023-12-06,3356.5791015625,3364.728172438132,3283.051017305754,3289.989550978767,1896572
2023-12-07,3366.63720703125,3381.2125388172353,3345.030573119782,3357.417206346076,1967653
2023-12-08,3377.627197265625,3394.670444147185,3354.670189052335,3383.494574372215,1641155
2023-12-11,3392.71484375,3402.121292502445,3366.731035421938,3374.0883926549964,1102503
2023-12-12,3419.909423828125,3444.4030235404603,3381.6319783454765,3389.0359467038065,2236866
2023-12-13,3346.754150390625,3399.3272621622086,3318.302201392863,3393.3202772695595,3850968
2023-12-14,3415.39208984375,3425.403805697815,3378.4652474337913,3380.700330256408,3290396
2023-12-15,3595.836181640625,3628.385857623635,3414.8801739559026,3414.8801739559026,8531230
2023-12-18,3594.15966796875,3659.1660225226565,3567.1047044603515,3593.135349665333,2521612
2023-12-19,3554.11279296875,3590.341373765734,3529.7121895342984,3580.934925794031,2004435
2023-12-20,3520.44580078125,3631.0403520286277,3507.87294653418,3564.4041790444217,2586083
2023-12-21,3527.383544921875,3545.264889298634,3486.265752436792,3498.279720293807,1517562
2023-12-22,3561.376708984375,3581.8191893365874,3503.634722593938,3539.024972317109,2413058
2023-12-26,3534.880615234375,3570.6899143624773,3529.8513380857476,3557.5117939691436,1285231
2023-12-27,3549.455810546875,3555.9750672093833,3509.2227291901213,3538.0937229812293,1293976
2023-12-28,3538.93212890625,3574.4156056228353,3531.6679956087487,3561.377091167723,1682889
2023-12-29,3532.878662109375,3560.0734608663474,3506.8016322454937,3531.5749015656434,1574996
2024-01-01,3549.36279296875,3568.8273396494333,3513.879319545227,3529.711799914236,825907
2024-01-02,3523.379150390625,3549.363183929598,3508.5246023534996,3549.363183929598,1344068
2024-01-03,3438.209716796875,3512.8087373367534,3433.83254667766,3508.29173242333,1803075
2024-01-04,3414.97314453125,3463.58813008378,3400.258204607658,3447.5228181063812,3598144
2024-01-05,3481.190185546875,3490.3638028676905,3422.4704854443794,3422.6100928660567,1963127
2024-01-08,3425.68310546875,3482.912819403707,3420.1881670833527,3481.1897820765857,1067805
2024-01-09,3436.487060546875,3494.6483369499874,3429.8281951199665,3455.160123552573,1370944
2024-01-10,3458.046875,3473.1342532438607,3434.7172021085626,3436.579847012092,1292227
2024-01-11,3479.001708984375,3513.879690118427,3452.412406909358,3468.244888948058,1777909
2024-01-12,3616.138671875,3637.0468143478074,3559.141786285624,3583.728606775587,6813450
2024-01-15,3635.696533203125,3692.6934202169923,3618.1876261142534,3688.036808085571,2801505
2024-01-16,3596.115478515625,3631.2262899610105,3590.760374343459,3631.2262899610105,1432672
2024-01-17,3617.815185546875,3641.4240726123803,3550.7133593055964,3556.7203434761736,3458696
2024-01-18,3634.579345703125,3640.353499833649,3596.7675605644026,3630.2951711755672,2239110
2024-01-19,3697.834716796875,3717.059837136614,3671.5760158450357,3699.6634019644803,2941975
2024-01-23,3618.307861328125,3689.2531438679025,3603.771796570635,3657.461455110397,2618854
2024-01-24,3602.881103515625,3642.12834296067,3568.932402810829,3638.70542557381,2657709
2024-01-25,3573.33984375,3620.8867962936347,3543.7049366365304,3601.0989006696973,2205154
2024-01-29,3564.61865234375,3582.4370565517297,3545.7218573588943,3564.4311359857325,1646747
2024-01-30,3564.196533203125,3608.5080891700763,3551.4891523141855,3570.6673355072853,1411621
2024-01-31,3578.638671875,3595.566200692752,3560.351363342525,3574.184071078628,2459358
2024-02-01,3614.462890625,3662.0567819751186,3568.4165242500367,3582.4367479301113,2363107
2024-02-02,3719.638671875,3736.612908383376,3631.2030759637855,3634.063444426215,2826510
2024-02-05,3726.203369140625,3771.8747052852855,3715.6999348975555,3735.300087307631,1691523
2024-02-06,3878.784912109375,3891.8203887754125,3741.8645549604466,3748.429229618272,4474396
2024-02-07,3829.4560546875,3896.603391231385,3820.593789517031,3894.7277698637645,2124267
2024-02-08,3877.00341796875,3899.417002760364,3831.9415667460817,3835.6458733260915,2345173
2024-02-09,3876.62841796875,3924.5034728185747,3845.0240130368975,3879.3008122308597,2100596
2024-02-12,3864.436767578125,3900.917512535836,3850.2285690197773,3873.1582239962727,1013716
2024-02-13,3891.445556640625,3910.6706762721788,3827.67442810669,3868.891392141469,1257415
2024-02-14,3845.11767578125,3858.997090733716,3797.6643636034514,3851.5884779156377,1391283
2024-02-15,3848.025146484375,3888.444422362778,3829.081186690457,3871.2826692770527,1091582
2024-02-16,3871.564208984375,3889.992557853304,3845.118218719311,3857.450339368081,1307556
2024-02-19,3848.58740234375,3871.5637647018066,3802.8224229354896,3866.640258482223,772291
2024-02-20,3779.986328125,3843.1479657037125,3760.620630178596,3828.236868254403,1193648
2024-02-21,3743.271484375,3810.6532761089843,3733.04943912238,3763.434414830734,1885939
2024-02-22,3832.926025390625,3840.2877016688244,3724.0461165985157,3724.0461165985157,2982052
2024-02-23,3800.10302734375,3873.1583931027276,3794.757322908657,3873.1583931027276,2538072
2024-02-26,3752.2275390625,3798.1333269385277,3735.065557497388,3785.0039771663946,1379284
2024-02-27,3849.150146484375,3867.5313277921664,3750.3049902620937,3750.3049902620937,2960475
2024-02-28,3862.795654296875,3896.509674983892,3834.7080400231876,3840.8976823678586,1939225
2024-02-29,3840.4287109375,3880.7545712662445,3811.778548098447,3844.08608110517,3772719
2024-03-01,3839.725341796875,3882.5363087877504,3832.6448252006635,3851.776300908435,2043265
2024-03-04,3826.924072265625,3861.8105844645606,3822.4225351204777,3849.712918034811,1749271
2024-03-05,3762.590576171875,3811.2628621841086,3732.4867597177044,3809.387240696813,2070859
2024-03-06,3811.544189453125,3818.7652862706927,3712.276832263034,3745.662985779128,1744204
2024-03-07,3853.08935546875,3867.5315494972733,3786.598435635506,3812.2007150112554,2688905
2024-03-11,3865.984375,3894.7281839316047,3834.70829378674,3834.70829378674,2304068
2024-03-12,3931.536865234375,3966.8925114142617,3864.764560938834,3865.983989585085,4039801
2024-03-13,3890.9765625,3977.255146194866,3874.9399080779876,3943.493961270788,2837260
2024-03-14,3945.932861328125,3962.2506778621505,3831.894975087514,3895.1504974777836,2919608
2024-03-15,3956.857421875,3975.3791814488654,3917.2349235460983,3931.8648606659913,3373143
2024-03-18,3894.25927734375,3990.1504299285543,3861.764225288072,3953.106903991148,1526904
2024-03-19,3729.954345703125,3805.6356194004047,3719.919817535177,3799.3053975100765,8931209
2024-03-20,3723.9521484375,3768.123120804515,3713.9176204628307,3738.113180569138,1817913
2024-03-21,3725.874755859375,3759.1200974295043,3702.476426060684,3741.9114094702163,3829582
2024-03-22,3667.68408203125,3693.098845711536,3615.2605510964886,3654.6486037932596,5852485
2024-03-26,3636.36083984375,3701.257291825828,3630.68703955033,3634.016313190079,3440925
2024-03-27,3602.037109375,3652.772761001774,3591.252286075508,3646.6769913107573,1968575
2024-03-28,3635.235595703125,3671.5288233376846,3601.661927465741,3610.6650016041267,4311783
2024-04-01,3673.170166015625,3688.690979343402,3646.2550439346555,3655.3048258696854,1569676
2024-04-02,3642.26904296875,3666.6990561572848,3632.140642171932,3648.083423198765,2142666
2024-04-03,3701.820556640625,3733.424734296911,3611.5093322726466,3611.5093322726466,3973090
2024-04-04,3754.337890625,3778.111256202073,3690.5198221169708,3728.6417382256623,3394637
2024-04-05,3731.783203125,3753.1183964079287,3714.199252617092,3730.610939757806,1636819
2024-04-08,3725.5,3781.8622865716975,3713.7304297404708,3735.3000761758317,2302538
2024-04-09,3701.116943359375,3766.1072720566044,3680.954012876369,3736.2379090370728,1876992
2024-04-10,3736.84716796875,3742.0520629416483,3674.342178842318,3710.3540167302876,2101965
2024-04-12,3752.555419921875,3763.762440285618,3700.131896496917,3724.0460679227617,4354821
2024-04-15,3696.099365234375,3811.450077595125,3675.326950485817,3752.555521752734,4200329
2024-04-16,3631.953369140625,3684.37689632826,3622.622198353119,3659.33739612377,3051420
2024-04-18,3621.8251953125,3691.2231923226304,3610.571466067614,3635.7048405060677,3476284
2024-04-19,3588.25146484375,3612.962869820078,3564.5248069516724,3599.3176775438415,2957749
2024-04-22,3624.26318359375,3636.829754907987,3574.9342510854167,3598.3795176848753,1728883
2024-04-23,3633.7353515625,3652.7729560208513,3620.5123570552523,3635.9392984592287,1807586
2024-04-24,3592.7998046875,3655.586186600659,3586.6101623523527,3648.0837008405756,1317312
2024-04-25,3612.634765625,3632.75076175882,3573.997005946848,3574.184522317779,2856271
2024-04-26,3583.702880859375,3635.704436508526,3566.0719945433134,3615.4006982107267,2039178
2024-04-29,3629.515380859375,3636.6428346569596,3581.687029156828,3599.3179183210755,1110693
2024-04-30,3583.046142578125,3640.3464644642195,3573.0585508105046,3631.2028106924604,2203078
2024-05-02,3623.044189453125,3630.3591588386275,3543.095825813969,3543.095825813969,2491044
2024-05-03,3604.381591796875,3651.459872612422,3561.430044438285,3648.224242496259,2962234
2024-05-06,3677.202392578125,3694.926921786494,3613.3843338311763,3613.3843338311763,2053831
2024-05-07,3731.501708984375,3739.988941315255,3670.12204659911,3686.3462169354693,2062112
2024-05-08,3729.62646484375,3736.519465528825,3693.6615594889295,3714.6684289785862,1247685
2024-05-09,3713.91796875,3724.0463703208047,3666.886852709913,3715.6060738380834,1726486
2024-05-10,3651.740966796875,3726.484662213695,3643.441479536376,3716.1687445881325,1672489
2024-05-13,3702.2890625,3709.041253630369,3629.327345524533,3642.925600436705,931326
2024-05-14,3658.5869140625,3700.413361230903,3650.8030397651737,3691.222770938554,1058317
2024-05-15,3639.080810546875,3682.735947564617,3634.485629369305,3661.682141626229,1115021
2024-05-16,3684.942138671875,3693.0187445265583,3630.67337116967,3675.637702384871,2599399
2024-05-17,3621.794189453125,3702.9375501529057,3617.9211268075583,3701.992923226846,2765804
2024-05-21,3608.663818359375,3631.854456042576,3599.0759470919206,3618.4880769854944,1908117
2024-05-22,3619.810302734375,3628.548101612322,3606.160490071024,3622.644183451547,1311168
2024-05-23,3677.857666015625,3688.7681531563644,3613.6703123942825,3628.264752304816,2095742
2024-05-24,3636.341064453125,3668.7418115804035,3631.429050950218,3663.4990864307915,1309452
2024-05-27,3634.027099609375,3691.9327769001197,3628.642772199506,3641.536837624862,1841538
2024-05-28,3627.272705078125,3655.706066734782,3617.9209911096164,3644.370544047232,1801993
2024-05-29,3593.030029296875,3635.774396680819,3589.582233347775,3635.774396680819,1568095
2024-05-30,3529.220947265625,3584.292515624753,3509.714261782953,3567.856098444586,2919230
2024-05-31,3467.677978515625,3542.1618998121,3451.430442400017,3532.904510318457,10956800
2024-06-03,3497.81201171875,3543.815298291685,3491.3412248298496,3526.103542889748,2156773
2024-06-04,3509.288818359375,3537.627624429572,3392.6274000370645,3495.1194153242764,3395997
2024-06-05,3538.99755859375,3574.2794671048623,3495.1196832887176,3510.2337143515874,2799670
2024-06-06,3618.298828125,3627.2727837806888,3534.321587974697,3571.63435096414,4328036
2024-06-07,3678.329833984375,3698.2142761529285,3624.8168128885063,3624.8168128885063,4552445
2024-06-10,3645.03173828125,3689.6180814133613,3629.161960387638,3679.3217405498876,1734661
2024-06-11,3638.79736328125,3665.1050839975637,3628.3119124726636,3632.0904200618043,1419898
2024-06-12,3619.479248046875,3677.9045088776033,3615.511861543188,3659.862044439457,2177001
2024-06-13,3663.404541015625,3674.598461482482,3638.7026410361236,3643.236896058969,1932323
2024-06-14,3619.857421875,3673.6538756786167,3616.031636949793,3673.6538756786167,1860730
2024-06-18,3603.84619140625,3629.256562858962,3584.9063758687394,3614.1898098741085,1774045
2024-06-19,3591.18798828125,3621.557881055292,3582.9225030243783,3615.7010098615556,1509050
2024-06-20,3577.5380859375,3598.981069597492,3570.736818650082,3585.8035709865335,2846526
2024-06-21,3599.73681640625,3663.074093663598,3587.7401013764106,3615.087002922448,4642195
2024-06-24,3605.45166015625,3643.425611853127,3581.3636764636767,3597.8473681995324,1702154
2024-06-25,3625.903076171875,3634.5935975227003,3582.8752747763524,3605.6408753024607,1338808
2024-06-26,3642.339599609375,3652.8248194664434,3628.3117983770853,3631.6179924136177,1639845
2024-06-27,3716.303466796875,3723.7188794930803,3606.6797101565076,3618.865303738709,4526556
2024-06-28,3687.96484375,3740.722345851188,3682.013879060851,3700.8591386940006,2731571
2024-07-01,3757.914306640625,3780.1130365410763,3668.9305078023185,3668.9305078023185,2658723
2024-07-02,3794.944091796875,3800.61185331036,3762.023982045802,3772.462155624164,2307449
2024-07-03,3745.681640625,3803.162277059337,3735.9992153513335,3797.399960989219,1821198
2024-07-04,3798.297607421875,3823.2358967427767,3761.598989570618,3778.3661175753045,2518001
2024-07-05,3789.654296875,3803.7764231043757,3767.172130214255,3787.953922306711,1668616
2024-07-08,3772.084228515625,3808.0273294957547,3757.7732227074534,3799.2895303521054,1758882
2024-07-09,3764.810546875,3785.0727479543702,3754.9865192673674,3764.3382334203675,1305801
2024-07-10,3692.68798828125,3781.6247453008073,3685.933998497865,3763.109966642414,2669716
2024-07-11,3706.432373046875,3759.6149115124776,3679.8884965924376,3713.3281952652137,4872189
2024-07-12,3952.271484375,3967.385513175067,3751.39645698104,3759.6146640167212,13509164
2024-07-15,3938.338134765625,4005.2175259371584,3926.860550454721,4001.155815302139,4848030
2024-07-16,3947.076416015625,3962.2845399612966,3915.383907085896,3940.983388073058,2029521
2024-07-18,4076.584228515625,4085.51113676854,3929.6477061172545,3929.6477061172545,5613364
2024-07-19,4073.602294921875,4126.955747028112,4057.364408362997,4087.8046089351637,3903354
2024-07-22,4059.352783203125,4090.219237805453,4038.191243077126,4071.282819315056,1896386
2024-07-23,4073.554443359375,4129.748348674782,4039.4212771190782,4055.233368947045,2365208
2024-07-24,4077.247802734375,4108.350964066985,4041.126675185908,4059.4949095439492,1809793
2024-07-25,4092.633056640625,4112.042883745572,4046.901795265646,4066.5954836949645,2810342
2024-07-26,4154.50830078125,4187.268397348249,4106.409520256929,4118.671036198701,3552210
2024-07-29,4148.1171875,4195.363458517048,4138.5542038316435,4180.214323934273,1746803
2024-07-30,4133.205078125,4164.11869081323,4097.178262267316,4157.585718481626,1797906
2024-07-31,4152.14111328125,4179.267439518362,4113.936797622856,4118.670902108038,2330091
2024-08-01,4163.26611328125,4184.285259071731,4132.920227203137,4165.443616342355,2202244
2024-08-02,4055.28076171875,4164.11800080395,4042.9249348414887,4132.872913485503,2811282
2024-08-05,3934.087890625,4013.5736879846177,3891.907205581687,4013.5736879846177,2787771
2024-08-06,3949.37939453125,4031.7999662691227,3939.532087639672,3949.14268931395,2203067
2024-08-07,3977.073974609375,4019.207504026678,3957.995163908957,4003.1587050867174,1237666
2024-08-08,3950.656982421875,4006.9456644536194,3938.7745661925937,3958.657803185393,2441283
2024-08-09,4003.86865234375,4027.4443989451242,3981.902223791584,3992.7435074037467,1302536
2024-08-12,3972.528564453125,4013.5733382592252,3963.7233160113306,4005.051951129163,936912
2024-08-13,3973.759765625,4008.839291552157,3960.5514304588273,3988.956054631374,1495593
2024-08-14,4066.83203125,4077.1999039105713,3965.42743135513,3985.168737449799,3226545
2024-08-16,4181.20849609375,4191.576370483643,4095.0954075700097,4118.671156901704,3457058
2024-08-19,4251.2255859375,4255.249574521071,4156.87498137627,4185.894947757169,2055210
2024-08-20,4282.7548828125,4322.23750010525,4260.694140300903,4265.428244901237,2212298
2024-08-21,4309.455078125,4317.503055311436,4253.639804359008,4277.736579801988,1896990
2024-08-22,4262.58740234375,4318.402675534502,4258.042847258311,4317.5030108146375,1829872
2024-08-23,4226.513671875,4266.374923745363,4218.087058430003,4260.6939984141445,1809253
2024-08-26,4263.013671875,4310.0703901887255,4246.491463306979,4250.278746663329,1844164
2024-08-27,4257.99560546875,4270.162346746741,4248.1959164894,4265.428242149461,930697
2024-08-28,4266.421875,4319.8700965173775,4220.2643589002255,4259.510267771518,1848058
2024-08-29,4271.86572265625,4313.71538519979,4222.820592184166,4222.820592184166,2133641
2024-08-30,4311.58544921875,4348.038051973605,4249.14242918416,4260.693828489569,3637222
2024-09-02,4280.6240234375,4344.013861375445,4272.055480062339,4332.652011694428,1216500
2024-09-03,4272.38671875,4313.620577631577,4256.811332431798,4280.623781915076,1717263
2024-09-04,4241.0478515625,4248.385714117528,4200.760804008931,4238.870348246334,1265505
2024-09-05,4237.9228515625,4259.746886626945,4217.281880213047,4242.704111797141,1688793
2024-09-06,4219.74365234375,4278.636091754635,4203.884403748528,4236.029155230157,1649179
2024-09-09,4212.92626953125,4251.462060686222,4194.889518372097,4218.086627772867,1184938
2024-09-10,4268.12646484375,4298.5195066181295,4204.310831961278,4206.204473662924,1385591
2024-09-11,4241.1416015625,4307.419053790383,4233.472261056025,4281.002847436805,1325919
2024-09-12,4277.45263671875,4291.5601745835365,4195.6469473824145,4270.398636628928,2742216
2024-09-13,4282.09228515625,4305.194622601226,4265.428144890812,4289.098667337487,1458786
2024-09-16,4273.23876953125,4304.294305347718,4255.43872427556,4286.257554903444,1155120
2024-09-17,4266.04345703125,4294.590014445038,4228.502101148829,4273.239388269134,1699364
2024-09-18,4115.02587890625,4257.901071253871,4091.213423900801,4257.901071253871,2961779
2024-09-19,4067.683837890625,4187.0308697971805,4054.096867781264,4156.590213092944,2927551
2024-09-20,4057.03271484375,4100.397388735434,4002.685288545634,4087.330983142617,5447908
2024-09-23,4041.50439453125,4080.2292709651647,4026.8286728221638,4071.329248327135,1702319
2024-09-24,4044.155029296875,4062.8075818205225,4014.519726618274,4025.550095196614,3012026
2024-09-25,4047.42236328125,4061.4827451400292,4014.5203392742264,4026.21366904617,2713073
2024-09-26,4064.22802734375,4087.235586404884,4033.4563532869834,4033.4563532869834,3964251
2024-09-27,4079.5673828125,4145.181886032281,4071.37701220358,4104.468587471434,3012477
2024-09-30,4041.50439453125,4070.145722382854,4033.5035742219807,4058.925803968104,2503416
2024-10-01,4059.873046875,4067.305683040906,4017.3137268821633,4029.243299789114,1823365
2024-10-03,4007.65625,4051.446717559506,3986.116074065324,4035.918946931116,3350119
2024-10-04,4026.119140625,4069.436196462167,3999.4186065272825,4000.318271301223,2965463
2024-10-07,4045.6240234375,4068.7263623530516,4004.4844678804907,4046.618000517575,1472619
2024-10-08,4027.066162109375,4051.825437221579,3980.388074704301,4045.3872397570553,1541867
2024-10-09,4026.7822265625,4066.5958614206456,4020.8645957979184,4033.457129138987,1082504
2024-10-10,4002.590576171875,4065.5070098395613,3975.322319205254,4027.0659888752402,2378875
2024-10-11,3928.549560546875,4016.367201197805,3893.753891609714,3922.6790858954605,5759183
2024-10-14,3916.666259765625,3943.8873583904956,3902.984976280472,3919.8382019814067,2137590
2024-10-15,3897.871826171875,3948.1957233726384,3877.231316907688,3911.364023062213,2759474
2024-10-16,3877.18408203125,3896.1678867388287,3850.9098028436433,3867.7632605900644,2359151
2024-10-17,3890.48681640625,3910.3228978529323,3875.2902957519555,3894.0845506582914,2522659
2024-10-18,3913.3134765625,3935.2384902660306,3872.4535818662375,3881.944889664929,2361000
2024-10-21,3872.31103515625,3929.3538837407996,3862.9620049373275,3922.3776803062365,1595450
2024-10-22,3811.234619140625,3881.7550819217454,3802.550165255864,3859.165723179126,1928049
2024-10-23,3859.402587890625,3904.2962832162098,3791.919304547543,3796.143121407225,1966476
2024-10-24,3841.986328125,3871.504387583309,3800.3195802607424,3800.3195802607424,2676744
2024-10-25,3851.1455078125,3883.8430156937015,3827.5595160672574,3850.670942439126,1759676
2024-10-28,3882.751220703125,3923.7061156513423,3844.9282715296536,3861.965120390014,1532534
2024-10-29,3867.94482421875,3894.757766071196,3853.565587028902,3887.4970090191655,1445885
2024-10-30,3876.866943359375,3898.0801089564193,3853.518465231179,3867.7079240315093,1935002
2024-10-31,3766.577392578125,3870.839484703628,3758.55728511955,3862.961654150649,3740372
2024-11-01,3781.526611328125,3795.5262896074955,3773.791288560614,3786.889338989994,154895
2024-11-04,3762.49658203125,3788.834960428504,3714.1859193893415,3764.5373521831416,2269192
2024-11-05,3769.330322265625,3783.234994421101,3740.61911840681,3740.61911840681,967590
2024-11-06,3929.068603515625,3938.7021869268697,3773.0316173071656,3799.939563929586,3792017
2024-11-07,3939.746826171875,3991.8540128312807,3877.246703910295,3957.5907627391994,3724349
2024-11-08,3936.044677734375,3957.637399320692,3908.187601372941,3943.6377226878053,1648039
2024-11-11,3985.115478515625,4018.9041625726113,3908.188152909336,3918.2017604204366,1406487
2024-11-12,3983.88134765625,4003.4335339434815,3952.512761507312,4001.5352724290465,1587640
2024-11-13,3939.224609375,3983.2641802267012,3920.9061091902613,3965.5629857379695,1098813
2024-11-14,3935.000732421875,3948.383567490613,3907.049112395529,3924.655300859059,1825432
2024-11-18,3815.03076171875,3998.6875479838523,3787.221186498161,3998.6875479838523,3313944
2024-11-19,3834.06103515625,3921.9504005395133,3809.9057047468586,3815.4104775297365,1776233
2024-11-21,3865.6669921875,3884.2698145282143,3819.3018656674813,3839.1386042394874,2384347
2024-11-22,4028.680419921875,4038.504015740722,3847.776008717878,3863.9112312507355,3096553
2024-11-25,4095.59375,4107.932448418356,4035.8935249566466,4062.279171581898,4052167
2024-11-26,4131.28173828125,4144.474563456407,4090.7536685314544,4101.241378290607,2060669
2024-11-27,4112.15625,4154.724856872267,4104.088638616241,4137.213672581404,1558993
2024-11-28,4028.96484375,4119.179995477792,4017.670281030027,4099.2955217974695,2558544
2024-11-29,4053.594970703125,4080.0283535687327,3982.220156194433,4005.3315815871606,2017425
2024-12-02,4059.099609375,4070.0623467391047,4014.87002722247,4052.7879830735096,1670944
2024-12-03,4083.872314453125,4104.990473536637,4048.469923029549,4094.8823237874603,2010905
2024-12-04,4132.89404296875,4163.78852095067,4070.8682678061223,4094.121966667872,3302642
2024-12-05,4236.966796875,4260.647793669346,4138.209931031042,4176.934278953506,3746747
2024-12-06,4219.36083984375,4237.868889866684,4188.276807112925,4226.479320621802,1842087
2024-12-09,4225.67236328125,4242.0448686697655,4190.934085246633,4205.07650413352,2066639
2024-12-10,4207.06884765625,4265.203099559396,4187.659404066042,4200.994504227562,2087828
2024-12-11,4202.22900390625,4222.350297163338,4182.819095248504,4206.405086397892,1635256
2024-12-12,4228.330078125,4256.851270827812,4200.852558457947,4204.696352489294,1914642
2024-12-13,4246.31640625,4266.248154048947,4170.860503868272,4209.348037802869,1967048
2024-12-16,4190.60205078125,4247.359881247422,4173.327686669254,4232.1737900519,1646224
2024-12-17,4108.31201171875,4207.44889332409,4098.346139910261,4185.666159565598,3225027
2024-12-18,4126.67822265625,4140.108330075579,4071.3913564877716,4092.3672387441043,1575404
2024-12-19,4054.59130859375,4142.006337975124,4045.1950074358338,4064.177621267067,3015763
2024-12-20,3958.159912109375,4159.091083899422,3941.2655695783546,4108.787152487585,4116989
2024-12-23,3946.76953125,4002.4836820374535,3905.5773564971237,3986.395733224167,2195338
2024-12-24,3966.891845703125,4003.4333784366027,3946.7700890546093,3946.7700890546093,1181886
2024-12-26,3957.020751953125,3986.301525685132,3932.3906257955578,3966.8916181900954,1208464
2024-12-27,3952.987060546875,3968.2681573970385,3936.2822676568094,3951.2310760757846,858100
2024-12-30,3947.244873046875,3985.6846693501766,3902.8257382512747,3939.841838395195,1527169
2024-12-31,3886.500244140625,3929.353632155194,3826.9422956665308,3924.6552500458943,1555429
2025-01-01,3903.252685546875,3923.706266508262,3877.6259252343875,3886.1205985527304,763161
2025-01-02,3963.332763671875,3970.21396166903,3888.541445300585,3910.4187239006465,1720835
2025-01-03,3891.341064453125,3967.31925896288,3884.1278097948166,3967.31925896288,1791953
2025-01-06,3886.6904296875,3938.560332599053,3859.545197490021,3896.656302584134,2085593
2025-01-07,3823.383056640625,3929.7331926762554,3807.48511819948,3905.6253667734477,2669054
2025-01-08,3899.408447265625,3916.113240154538,3813.3698426153405,3829.6473413152235,2181277
2025-01-09,3833.396728515625,3927.2656647049257,3820.535960823577,3892.3851104960186,2392472
2025-01-10,4048.658935546875,4078.4142731653005,3957.8746844541083,3986.3486030473036,7894300
2025-01-13,4072.814697265625,4103.044601693763,4012.3548884093498,4029.0596808346854,4003771
2025-01-14,4017.7177734375,4094.4550879803073,4004.4299428133863,4083.1605246383615,3441709
2025-01-15,4033.426025390625,4039.9276635514543,3993.4202579833063,4003.4334017642514,1653474
2025-01-16,3992.328369140625,4075.567318807286,3978.613708278282,4043.2968742708517,2637705
2025-01-17,3986.528564453125,4021.616254890533,3963.0886298542596,4020.939449433567,1761466
2025-01-20,3941.582275390625,4007.3105183689017,3932.2063483825796,4007.3105183689017,1287799
2025-01-21,3901.033447265625,3973.672984292028,3895.3787707849365,3958.4974864018836,1971591
2025-01-22,4017.749755859375,4024.0807657149944,3909.1043123511595,3914.7106117823487,2409223
2025-01-23,4006.972412109375,4051.339039072567,4001.7524202557865,4028.7689459052554,1822998
2025-01-24,4013.642333984375,4038.4354105526413,3966.9073539751175,3966.9073539751175,1910099
2025-01-27,3929.35498046875,4017.5086649034333,3906.060174197131,3964.974113399829,1551782
2025-01-28,3905.335205078125,3964.974090445813,3893.7360609812577,3934.8163629909964,2468272
2025-01-29,3962.846923828125,3970.6282985895587,3918.577051208912,3918.577051208912,1217089
2025-01-30,3963.088623046875,3991.941585340912,3922.9267796325357,3962.9437281550117,1531251
2025-01-31,3975.0263671875,3990.5405047390313,3948.7833995175843,3972.7066328908318,1492943
2025-02-01,3937.08740234375,3997.741255116248,3920.510387972108,3975.6063179805924,437172
2025-02-03,3932.737548828125,3940.8087133119993,3865.1242603626174,3896.248579260421,1265713
2025-02-04,3969.854736328125,3981.2608431833637,3930.2245680255955,3947.284879379769,2547132
2025-02-05,3954.43798828125,4011.3703550712034,3939.8423053663196,4011.3703550712034,1693912
2025-02-06,3946.366943359375,4001.221226388129,3916.209217331792,3968.2602324120217,2284536
2025-02-07,3894.799072265625,3953.374842814853,3874.1140268953372,3953.374842814853,1548940
2025-02-10,3902.096923828125,3916.644230568612,3880.2520112210996,3905.045086746592,1339511
2025-02-11,3831.14892578125,3905.045090759602,3822.884488602531,3884.1665374644367,1810908
2025-02-12,3818.1962890625,3887.404606196338,3808.5303361658844,3838.446649169052,1678002
2025-02-13,3779.532470703125,3851.3505477933163,3771.896462322554,3835.4501025039126,2277310
2025-02-14,3803.407470703125,3816.1181040365336,3769.72153134308,3793.886412954254,1681975
2025-02-17,3774.071533203125,3802.5860959459837,3727.3849307355754,3727.674956536778,1799806
2025-02-18,3743.816650390625,3793.3062796669183,3735.4073189681676,3768.174803332807,2149879
2025-02-19,3657.693359375,3745.508400554833,3642.2759755929487,3742.850263486918,4366672
2025-02-20,3653.150390625,3661.4632050728333,3625.9892027381475,3635.848428163005,2888572
2025-02-21,3659.52978515625,3689.4942392872176,3648.8972369162293,3649.960586134303,1833931
2025-02-24,3552.8173828125,3637.4909800573673,3547.4043553421666,3618.1106992569003,2508516
2025-02-25,3508.305908203125,3535.8054964280086,3500.283120267886,3503.907852529123,4101954
2025-02-27,3491.87353515625,3516.4733357865325,3480.4192876480943,3491.0518348426112,3823856
2025-02-28,3366.892822265625,3479.7428149447355,3341.5196975733197,3465.1955095907815,7085018
2025-03-03,3376.36572265625,3405.5568531975428,3360.0301206751515,3368.584583379958,4990439
2025-03-04,3414.06298828125,3432.3799220820893,3348.576156481458,3357.952083726606,2797737
2025-03-05,3428.561767578125,3480.081342184221,3403.2370189380595,3403.2370189380595,2501894
2025-03-06,3481.289794921875,3488.87742658408,3417.977801534333,3438.179549305139,2786513
2025-03-07,3490.56884765625,3503.9079097926337,3454.998093954285,3479.743027656133,2051315
2025-03-10,3469.73876953125,3501.1049762137254,3462.9244613654673,3486.0259949428714,1004626
2025-03-11,3455.8681640625,3468.8688234276665,3419.4757100500633,3439.146018462038,1995450
2025-03-12,3389.076416015625,3450.020297279617,3370.3729384283747,3445.912267227522,3174167
2025-03-13,3393.764404296875,3406.5717917540665,3367.714708703622,3385.306695598729,1693004
2025-03-17,3380.8603515625,3412.5163478055665,3361.1902786941764,3372.4510196048896,2690906
2025-03-18,3380.8603515625,3380.8603515625,3380.8603515625,3380.8603515625,0
2025-03-19,3380.280517578125,3428.5135286476893,3347.077874633433,3428.5135286476893,3051244
2025-03-20,3444.123779296875,3459.3960314822807,3394.68252652922,3394.68252652922,2845192
2025-03-21,3458.57470703125,3495.450223009194,3349.252685164703,3358.9186380800415,4161925
2025-03-24,3507.725830078125,3527.831058731868,3447.4587570622184,3479.7429444303652,1834751
2025-03-25,3535.56396484375,3586.0685693582973,3516.473707634902,3523.2398747468987,3135390
2025-03-26,3514.34716796875,3557.553929809202,3504.7295921250025,3525.897934373459,1734499
2025-03-27,3529.23291015625,3540.6387825331667,3489.892526436254,3494.097310621218,2528474
2025-03-28,3485.687744140625,3538.657216778009,3471.9137603354256,3529.039640195277,2051919
2025-04-01,3432.186767578125,3464.277685548557,3407.248560702752,3453.3551110505427,2618493
2025-04-02,3425.565185546875,3445.0422214056125,3412.129605979645,3425.6135625063594,1764313
2025-04-03,3289.46875,3385.0167912281404,3282.702582798802,3374.3842427691143,4537821
2025-04-04,3189.1845703125,3286.0857531447828,3185.414942880682,3250.2735845869393,5317367
2025-04-07,3164.68115234375,3181.4514379526936,2953.963392712106,2996.445205771086,6623955
2025-04-08,3182.949951171875,3237.127665022999,3146.5577324611054,3191.7460628104113,5557558
2025-04-09,3138.1484375,3160.766673429551,3104.7525222396634,3151.63239491897,2990265
2025-04-11,3123.552978515625,3188.7497898675183,3098.904796262136,3179.663887666195,7108961
2025-04-15,3139.694580078125,3203.683137131328,3130.4154074577086,3203.683137131328,3512160
2025-04-16,3164.439697265625,3168.596104196088,3121.136181217996,3139.6947635283577,2384391
2025-04-17,3188.701171875,3193.2443586174536,3110.50370573642,3137.085076745666,2932346
2025-04-21,3210.642822265625,3241.960413439671,3174.3955010062373,3180.195072407739,2432946
2025-04-22,3203.683349609375,3222.531957851611,3184.931495290658,3211.6096198122023,2710498
2025-04-23,3298.98974609375,3306.625754540036,3225.818529364827,3252.593171873855,3543923
2025-04-24,3287.970703125,3298.5064976170884,3274.5348867157572,3287.4874054696716,2252175
2025-04-25,3332.82080078125,3361.6253897019787,3291.25720030747,3305.7561307053,2742991
2025-04-28,3328.470947265625,3342.2933073843687,3291.2570278610287,3320.2548871373374,1593296
2025-04-29,3356.501953125,3378.250345909827,3315.808199342435,3339.5865365145787,1578332
2025-04-30,3338.330078125,3392.65268577439,3253.5597190937174,3356.0188189819924,2809332
2025-05-02,3316.38818359375,3374.867194117627,3305.7556362257724,3356.0185874198487,1721761
2025-05-05,3338.910400390625,3387.433440282234,3331.2741554528875,3334.7539931441597,1284443
2025-05-06,3344.419677734375,3356.9854164079434,3322.1879862349847,3344.419677734375,1324763
2025-05-07,3330.017578125,3343.936456116555,3306.335993163342,3306.335993163342,1477128
2025-05-08,3333.6904296875,3360.851851961966,3314.1652518601954,3332.820588313161,2543591
2025-05-09,3325.3779296875,3331.0807476867326,3284.5876543425793,3285.4574957373147,2531757
2025-05-12,3499.46142578125,3509.22413241534,3385.209911911905,3387.916425868549,2228678
2025-05-13,3397.58251953125,3501.9748131612287,3393.232840630001,3499.461570957545,3062887
2025-05-14,3430.15673828125,3442.0459078220697,3391.396407841002,3403.3820953219624,2119499
2025-05-15,3460.314208984375,3479.7428677232297,3396.7124309124556,3444.9454390459973,3548330
2025-05-16,3442.3359375,3473.84680313206,3427.6437359304055,3473.84680313206,1666727
2025-05-19,3401.255615234375,3431.413341631395,3386.659931697025,3431.413341631395,2537377
2025-05-20,3381.440185546875,3439.145874352896,3377.283778805233,3413.8211261851047,2038374
2025-05-21,3408.021728515625,3418.8475485914832,3381.4403579795026,3390.8162851170264,1440153
2025-05-22,3360.8515625,3380.956790168703,3336.0101126719387,3378.2502763697153,2034383
2025-05-23,3397.19580078125,3416.9142497236344,3349.8326329632987,3360.851724551366,1274331
2025-05-26,3419.137451171875,3426.5801874567637,3392.8461073678304,3403.3819012793415,967470
2025-05-27,3381.826904296875,3421.747337093333,3366.7481593177404,3414.014574749619,2467680
2025-05-28,3380.8603515625,3411.114831810162,3376.317400825417,3402.4154740639756,1222933
2025-05-29,3381.2470703125,3414.4978538154573,3370.034470581059,3387.626457620242,3188072
2025-05-30,3347.7060546875,3389.5596782127777,3337.7503119241223,3373.4175839622008,3404365
2025-06-02,3334.560546875,3344.4197718377163,3304.4028204069105,3334.7538187399196,1877585
2025-06-03,3291.4501953125,3357.468700034321,3286.9072447003623,3330.8873298742683,2848125
2025-06-04,3297.0087890625,3310.56402774214,3286.379348716646,3304.9078969735056,2544807
2025-06-05,3287.4521484375,3324.4116310325603,3280.2356236372652,3324.4116310325603,3584683
2025-06-06,3300.226806640625,3306.7605099618336,3275.359545608902,3287.4520036268846,2070390
2025-06-09,3336.991455078125,3348.791310023286,3306.760665733127,3315.634960419095,1718678
2025-06-10,3376.97412109375,3399.3060406489903,3338.2592545088482,3354.6424396212137,2419874
2025-06-11,3385.750732421875,3402.4265208353168,3363.516665314218,3383.8979728571367,2847013
2025-06-12,3348.986328125,3388.4813919586536,3338.2592737504274,3385.750821410403,4060134
2025-06-13,3360.200927734375,3364.8818717382055,3309.003623498393,3309.003623498393,2178493
2025-06-16,3409.54541015625,3421.9302340050463,3341.1847251814343,3354.642349665819,1934088
2025-06-17,3428.073974609375,3432.6573046439225,3401.5489430536663,3422.905437301184,2111940
2025-06-18,3365.759521484375,3450.2107909678293,3357.665661762572,3431.779856254815,2696327
2025-06-19,3339.039306640625,3365.3693479021017,3328.3122527933565,3364.394161188714,2672768
2025-06-20,3350.448974609375,3360.786049100129,3326.2642962767654,3340.0145242959966,2351248
2025-06-23,3309.393798828125,3340.014567071261,3286.3792966511382,3330.2626997221478,3123421
2025-06-24,3306.27294921875,3356.690292940616,3298.081476031171,3349.376392565029,3403048
2025-06-25,3359.3232421875,3364.3941654870573,3315.634829755361,3322.7537403887272,1757699
2025-06-26,3356.397705078125,3365.759354753242,3330.555256962972,3359.3232652421043,2879106
2025-06-27,3355.71533203125,3380.387367158931,3345.8658502962735,3369.2703330730474,1778433
2025-06-30,3376.09619140625,3378.924137465807,3344.890218522079,3354.544471150048,1468351
2025-07-01,3344.597900390625,3398.5257745006766,3328.7999228861,3369.2701724246303,2375183
2025-07-02,3338.3564453125,3403.303732161301,3335.1382818100083,3400.670775871144,3090585
2025-07-03,3316.4150390625,3350.058980842342,3313.294489180619,3344.8904436190446,2531870
2025-07-04,3334.943603515625,3341.964900305915,3305.980605453995,3323.4363525656718,1109320
2025-07-07,3327.044677734375,3341.0875101654565,3323.8265137554163,3333.481005692293,1639174
2025-07-08,3321.680908203125,3340.0144658805552,3309.1984707578945,3320.5107317732236,2325242
2025-07-09,3299.837158203125,3329.287752096043,3283.4539722634377,3325.387004876247,2034938
2025-07-10,3298.08154296875,3314.659717489882,3272.7266878187834,3296.1311694956757,3035012
2025-07-11,3184.9599609375,3252.2478474361797,3180.181641042415,3218.0186968972475,7635550
2025-07-14,3142.734375,3190.8111306672436,3120.59768280415,3184.9600100119856,3924009
2025-07-15,3171.599853515625,3178.523536457564,3126.448660244279,3126.448660244279,2590889
2025-07-16,3163.576171875,3175.1222359666176,3151.344969328223,3157.607249475903,2540733
2025-07-17,3140.18994140625,3172.2846643823304,3135.199754145851,3154.7696780470374,2947640
2025-07-18,3121.304931640625,3159.3685771406017,3118.46738821797,3155.6502438038765,3432645
2025-07-21,3090.28662109375,3128.839514334287,3084.2199924907163,3121.4028477301345,3844346
2025-07-22,3091.65673828125,3111.7159107005,3086.764257203384,3091.65673828125,3198036
2025-07-23,3110.7373046875,3113.5748480562365,3089.6996367952283,3091.6566291573,1922875
2025-07-24,3080.30615234375,3105.4534578423713,3072.478182452152,3097.0385335433134,2934778
2025-07-25,3068.368408203125,3089.014534530361,3058.3877948178133,3072.4780444334683,2568917
2025-07-28,3013.083251953125,3050.951005299135,3003.8852447797885,3043.123036074506,3374473
2025-07-29,2990.284423828125,3007.8973556438664,2975.802632112602,2994.1984086760676,4785312
2025-07-30,2987.93603515625,3003.0047807939304,2981.673516260727,2994.1983151611034,2880121
2025-07-31,2971.497314453125,2994.0027271024683,2950.166049468222,2976.2918502873677,2968371
2025-08-01,2938.424072265625,2971.4972914199097,2935.488583681943,2964.7455243430377,2053847
2025-08-04,3008.28857421875,3013.181055141491,2927.2692812506943,2944.392964480288,2519252
2025-08-05,2998.014404296875,3011.322048140622,2976.5854331255146,3008.2886143717656,1927996
2025-08-06,2967.093994140625,3000.8521121202134,2960.9294204705666,2997.1337788834585,1487081
2025-08-07,2981.47802734375,2985.9792055799644,2946.154217712285,2951.1446440658847,2543076
2025-08-08,2971.105712890625,2994.002666894786,2959.9509519667536,2982.5543093380406,2762140
2025-08-11,2975.411376953125,2984.3155492907413,2956.3307005130723,2971.1058502168585,1884215
2025-08-12,2970.127197265625,3029.8154640054736,2961.809979769089,2975.6068714078456,3358232
2025-08-13,2970.91015625,2978.9337774241835,2963.473728360306,2970.812449963036,2148166
2025-08-14,2957.30908203125,2990.1864106721328,2954.1779420022144,2968.757439673081,3342174
2025-08-18,2946.44775390625,2983.434958599791,2938.815435653507,2980.988718063058,2945609
2025-08-19,2951.34033203125,2959.9511467818434,2946.350144506624,2946.4478507969,2650784
2025-08-20,3031.96826171875,3036.664852119672,2946.1539583708727,2946.1539583708727,4952358
2025-08-21,3035.882568359375,3062.693270119804,3016.801891436903,3062.693270119804,3230726
2025-08-22,2988.327392578125,3029.1306363096523,2984.4134077810354,3019.639270954844,1593791
2025-08-25,3073.065185546875,3084.2199463957195,3010.9306783780526,3020.9112915939663,3448370
2025-08-26,3089.308349609375,3094.0051794435944,3052.9083364528824,3061.714802808035,5522097
2025-08-28,3027.173583984375,3078.8382300613293,3020.1284592672155,3077.3704857914763,3116051
2025-08-29,3018.3671875,3048.0156702082504,3011.028465982645,3026.4887537573413,2271789
2025-09-01,3045.667236328125,3063.7694152474464,3023.5531276055535,3023.5531276055535,1246862
2025-09-02,3044.5908203125,3087.1554035307527,3036.3715480748965,3053.98447906176,2185229
2025-09-03,3030.891845703125,3074.3369795089966,3021.5961322134785,3062.595025627338,1799774
2025-09-04,3029.130859375,3050.9513740037746,3024.336323201764,3048.9943814611165,1481391
2025-09-05,2982.75,3036.664997028233,2963.47367273015,3030.5006621101975,2802055
2025-09-08,2954.080078125,2998.9929589138555,2951.144589474992,2984.413460841752,2626187
2025-09-09,2983.826171875,2994.19832699537,2965.62628616296,2966.898378981974,2489301
2025-09-10,3043.123291015625,3055.550145422665,2987.740308555338,2990.675797260498,2079428
2025-09-11,3057.017822265625,3071.4996140027415,3043.221168990462,3071.4996140027415,2263446
2025-09-12,3066.02001953125,3080.991059765134,3053.8867617246956,3076.3921752202637,1447167
2025-09-15,3044.982177734375,3066.6070389449774,3029.4241839737238,3066.6070389449774,1732539
2025-09-16,3078.0556640625,3082.263245795216,3042.2428439695796,3060.7363278880744,2573429
2025-09-17,3104.57275390625,3113.966173979194,3074.8263264485827,3084.2199854121977,2418271
2025-09-18,3108.388916015625,3134.1234145595795,3093.4178759668794,3116.51048247651,2633138
2025-09-19,3101.050048828125,3112.107103450778,3076.3919928468,3101.8328935510035,4901694
2025-09-22,3007.70166015625,3040.089740964508,2999.090845838676,3028.445731768582,3634901
2025-09-23,2996.546630859375,3014.453158879609,2986.3703660594774,3003.983297445149,3177741
2025-09-24,2970.127197265625,2991.262810224855,2967.778901999341,2984.4133369924134,1625714
2025-09-25,2893.804443359375,2964.4520571099356,2887.5421635017433,2957.015390749667,4974361
2025-09-26,2836.758544921875,2891.260737711385,2829.126226471788,2877.7574418213358,3934636
2025-09-29,2833.82275390625,2866.3087778304835,2831.7678164651984,2853.2947314486933,3110035
2025-09-30,2826.288330078125,2852.610021207006,2823.0594837288886,2848.402439766557,2253458
2025-10-01,2851.53369140625,2861.9058470940704,2804.957413772581,2828.8326264436423,1952902
2025-10-03,2839.498046875,2861.1229086009284,2828.9304789544044,2861.1229086009284,2899519
2025-10-06,2924.137939453125,2929.22631078988,2833.3336834873367,2839.5959635916415,2112774
2025-10-07,2909.75390625,2939.891634958981,2891.9453243871753,2930.5959216848555,3062943
2025-10-08,2962.103515625,2977.5638026677234,2904.176590968716,2911.0260640606234,4121889
2025-10-09,2995.86181640625,3000.069397912704,2955.0585719818546,2968.757519004287,3211304
2025-10-10,2963.179931640625,3003.983173218589,2942.239970746985,2984.413250266025,8817365
2025-10-13,2942.533935546875,2970.2254277677166,2933.7274691163334,2961.908209472205,2866865
2025-10-14,2896.642333984375,2962.1036338769445,2891.9455044700007,2956.0370052457697,3611416
2025-10-15,2916.7763671875,2926.499513769408,2898.31197994854,2917.954894078994,4282226
2025-10-16,2917.66015625,2921.883430677564,2890.553079047838,2916.87439174088,3251495
2025-10-17,2909.311767578125,2935.4369375213087,2902.6331292681275,2916.972551528368,4374683
2025-10-20,2961.365478515625,2969.0262624451843,2925.320781572273,2932.1958010354274,3133039
2025-10-21,2953.017333984375,2977.669286180243,2942.508423286113,2976.981832168517,310644
2025-10-23,3018.330078125,3042.687339125331,2981.892616996725,3000.4550745732363,5564758
2025-10-24,3008.508544921875,3034.8300966289034,3003.6961270890743,3025.0086400055093,2684318
2025-10-27,3029.821044921875,3038.9550474990237,3005.5620951218402,3011.7496607245316,1946312
2025-10-28,3003.30322265625,3035.0265765381446,2985.919291823652,3021.0801556355614,3470737
2025-10-29,3003.0087890625,3021.080174034828,2991.714113509379,3003.3032409472494,2895420
2025-10-30,2981.106689453125,3009.0978400091353,2978.6513253692647,2994.6603471523654,2241536
2025-10-31,3003.4013671875,3012.6334402910475,2971.088871543434,2980.8120174669925,1868085
2025-11-03,2962.93701171875,3003.4013640895914,2956.2583734171585,2992.499451583931,2194877
2025-11-04,2936.81201171875,2975.214004338424,2922.8655907942766,2965.6872390451917,2670720
2025-11-06,2957.142333984375,2970.0085383136757,2936.61558517126,2936.7138956519902,2542721
2025-11-07,2938.383544921875,2950.3656744717186,2907.6423366423182,2947.419237380036,1830520
2025-11-10,2971.18701171875,2993.4816703122747,2938.579823663838,2939.5619693268272,1556656
2025-11-11,2992.597900390625,3001.142519888641,2964.1156755427983,2990.633609021809,2806868
2025-11-12,3075.8837890625,3080.4015151753365,3002.51755709654,3005.3656835637266,4460315
2025-11-13,3050.249755859375,3075.9819244274895,3046.61586484088,3075.8838537295965,1740435
2025-11-14,3050.54443359375,3057.517763723578,3022.356900982103,3034.830102963518,2210794
2025-11-17,3046.812255859375,3067.7320066302495,3031.4909272444793,3050.544457369475,2232853
2025-11-18,3031.98193359375,3049.5622448251693,3023.0443122614724,3046.6158078736476,2548350
2025-11-19,3091.499755859375,3098.6694669245953,3028.4460542827223,3041.705020306013,3151053
2025-11-20,3088.65185546875,3108.0000778660146,3082.0715272134535,3091.794673762747,2700767
2025-11-21,3094.34814453125,3113.4016740052466,3079.2229578295533,3088.6516518716926,4177037
2025-11-24,3085.115966796875,3122.1428110333977,3075.0981288018247,3101.616062202543,6703764
2025-11-25,3063.5087890625,3093.562543096727,3059.3838251197944,3089.142887490615,2737920
2025-11-26,3106.428466796875,3121.2589624366606,3061.348076121797,3063.115986297256,2508527
2025-11-27,3080.59814453125,3123.223169867727,3069.205159068128,3123.223169867727,2836233
2025-11-28,3081.48193359375,3091.1070087848907,3069.205113141185,3083.937297684263,1616690
2025-12-01,3077.455078125,3097.687374390369,3066.4550948216056,3081.8747335418534,1747647
2025-12-02,3079.714111328125,3087.8659682974553,3064.6872347092776,3075.0980746626374,2512003
2025-12-03,3123.22314453125,3154.5534946281955,3082.9551731709416,3083.9373188138757,3952112
2025-12-04,3171.544677734375,3191.9733551637537,3130.4909417024,3136.9731988901626,5025905
2025-12-05,3180.384033203125,3213.187842167148,3164.866083794654,3172.330486734928,5244013
2025-12-08,3178.71435546875,3201.6964674714213,3151.3125880977464,3185.0983021118977,2544725
2025-12-09,3151.01806640625,3175.964471029267,3124.401822284255,3172.330579931189,2734893
2025-12-10,3132.259033203125,3167.41989738469,3121.357359750894,3167.41989738469,1386849
2025-12-11,3134.91064453125,3151.1160479641035,3096.8035846478047,3147.7768486239356,1914362
2025-12-12,3163.0,3165.4553640739014,3128.8212841349605,3140.607031689688,1146554
2025-12-15,3172.52685546875,3180.384020730158,3140.2143592438706,3153.7680172761306,1562190
2025-12-16,3147.875244140625,3162.509118995985,3134.1252044928165,3162.509118995985,1734623
2025-12-17,3160.348388671875,3179.107227122374,3143.3572206041695,3143.3572206041695,1376350
2025-12-18,3222.2236328125,3229.09865265339,3163.4912725011322,3170.366292342023,2307422
2025-12-19,3223.402099609375,3258.661033366418,3220.259281411304,3240.09857605464,3902511
2025-12-22,3265.5361328125,3269.170263717588,3232.2414895890165,3250.9022578364156,2632816
2025-12-23,3250.902099609375,3260.625245626059,3234.6966963938,3260.625245626059,2365420
2025-12-24,3259.741455078125,3267.696930860065,3237.2504153109776,3245.107580613968,1367708
2025-12-26,3221.437744140625,3260.7235702886815,3213.384197736604,3253.9468611908032,1176664
2025-12-29,3193.446533203125,3229.294848891858,3184.9999848268185,3221.437683809396,2079473
2025-12-30,3188.83056640625,3209.160933545371,3181.6608551553877,3191.973384551631,2807593
2025-12-31,3148.955322265625,3188.0447669329633,3141.392848747715,3182.151893056932,3362634
2026-01-01,3169.77685546875,3176.3574233163417,3141.0982497161094,3157.59834501185,1255735
2026-01-02,3192.660888671875,3196.196709004467,3162.017991655493,3176.2591039024273,1184324
2026-01-05,3158.6787109375,3189.026915514335,3134.026759287417,3182.642968809425,2341703
2026-01-06,3197.669921875,3204.9377039238207,3147.7768738587542,3152.6876022111082,2912325
2026-01-07,3236.75927734375,3241.6700055592964,3165.651788913644,3185.0000101265678,1989442
2026-01-08,3146.6962890625,3228.2143763788763,3125.1873956711997,3228.2143763788763,4159336
2026-01-09,3150.52685546875,3172.0357492326657,3134.0267606372377,3134.0267606372377,1938673
2026-01-12,3181.75927734375,3193.937788002805,3117.6251157476318,3145.8126491306843,2228342
2026-01-13,3209.652099609375,3221.437847833155,3153.1787227037635,3187.0627488471305,5645341
2026-01-14,3135.5,3201.7948316366483,3126.1696162881753,3201.7948316366483,3539511
2026-01-15,3135.5,3135.5,3135.5,3135.5,0
2026-01-16,3206.699951171875,3221.89990234375,3171.0,3219.39990234375,4293470
2026-01-19,3163.60009765625,3220.0,3152.10009765625,3188.0,3387562
2026-01-20,3102.300048828125,3160.0,3091.10009765625,3151.60009765625,4499273
2026-01-21,3122.60009765625,3138.5,3082.0,3100.0,2015150
2026-01-22,3150.39990234375,3160.0,3122.300048828125,3150.0,2269827
2026-01-23,3162.5,3194.5,3152.0,3190.300048828125,2068857
2026-01-27,3158.0,3175.0,3130.0,3175.0,4279874
2026-01-28,3200.10009765625,3205.199951171875,3170.60009765625,3176.0,2751234
2026-01-29,3144.39990234375,3200.10009765625,3125.60009765625,3200.10009765625,2457641
2026-01-30,3123.89990234375,3141.0,3092.0,3141.0,3022068
2026-02-02,3169.60009765625,3198.0,3134.0,3198.0,2636272
2026-02-03,3225.300048828125,3350.0,3186.300048828125,3350.0,4366060
2026-02-04,2999.10009765625,3120.0,2986.0,3120.0,10852595
2026-02-05,2991.5,3029.699951171875,2972.300048828125,2990.0,3521545
2026-02-06,2941.60009765625,2985.0,2916.0,2976.60009765625,4687389
2026-02-09,2948.199951171875,2977.0,2937.5,2959.10009765625,2380318
2026-02-10,2984.60009765625,3011.60009765625,2943.5,2949.800048828125,3547763
2026-02-11,2909.800048828125,2998.0,2904.199951171875,2980.0,3363513
2026-02-12,2750.10009765625,2880.0,2740.0,2869.800048828125,10612156
2026-02-13,2692.199951171875,2713.0,2585.0,2585.0,11168735
2026-02-16,2706.60009765625,2719.800048828125,2671.0,2700.0,2918730
2026-02-17,2717.39990234375,2760.0,2695.199951171875,2716.0,4209118
2026-02-18,2694.89990234375,2730.0,2657.300048828125,2730.0,2950820
2026-02-19,2677.89990234375,2748.699951171875,2666.60009765625,2708.0,3238849
2026-02-20,2686.199951171875,2702.60009765625,2647.5,2667.0,2293482
2026-02-23,2676.300048828125,2704.0,2660.199951171875,2686.0,4699596
2026-02-24,2573.699951171875,2647.5,2561.300048828125,2641.0,7798833
2026-02-25,2629.300048828125,2654.199951171875,2595.0,2596.0,3621285
2026-02-26,2647.699951171875,2671.0,2635.0,2650.0,3464267
2026-02-27,2637.39990234375,2688.60009765625,2626.10009765625,2681.60009765625,5083717
2026-03-02,2613.5,2623.800048828125,2580.300048828125,2592.0,3374385
2026-03-04,2587.800048828125,2635.0,2580.39990234375,2625.0,3446434
2026-03-05,2578.800048828125,2609.5,2546.39990234375,2600.0,2960636
2026-03-06,2557.60009765625,2619.199951171875,2553.60009765625,2572.0,3998643
2026-03-09,2527.39990234375,2560.0,2505.0,2530.0,3653428
2026-03-10,2513.10009765625,2545.199951171875,2490.10009765625,2541.0,4323710
2026-03-11,2464.89990234375,2521.0,2460.10009765625,2508.10009765625,2720664
2026-03-12,2442.39990234375,2472.89990234375,2436.0,2459.800048828125,2752075
2026-03-13,2410.5,2445.89990234375,2397.0,2437.0,2466488
2026-03-16,2409.199951171875,2425.0,2366.10009765625,2410.0,3807907
2026-03-17,2391.699951171875,2420.0,2360.0,2420.0,2993367
2026-03-18,2440.800048828125,2482.89990234375,2410.0,2410.0,3082388
2026-03-19,2356.0,2424.0,2350.199951171875,2417.0,2757060
2026-03-20,2390.60009765625,2407.800048828125,2364.199951171875,2386.0,4206320
2026-03-23,2383.800048828125,2406.800048828125,2348.0,2365.0,3860515
2026-03-24,2398.800048828125,2435.39990234375,2379.10009765625,2404.10009765625,3420182
2026-03-25,2377.39990234375,2421.60009765625,2369.800048828125,2400.89990234375,5843778
2026-03-27,2389.800048828125,2422.10009765625,2385.0,2403.89990234375,4979411
2026-03-30,2358.89990234375,2398.0,2346.199951171875,2375.10009765625,6804756
2026-04-01,2408.199951171875,2472.0,2397.89990234375,2429.0,4132661
2026-04-02,2450.699951171875,2469.89990234375,2375.699951171875,2386.0,5378361
2026-04-06,2473.89990234375,2482.0,2448.199951171875,2474.0,2572417
2026-04-07,2539.800048828125,2543.89990234375,2448.0,2461.0,4516550
2026-04-08,2559.199951171875,2580.300048828125,2540.10009765625,2572.0,4769337
2026-04-09,2589.0,2605.0,2531.10009765625,2554.0,5628261
2026-04-10,2524.300048828125,2565.800048828125,2501.10009765625,2565.800048828125,10480239
2026-04-13,2472.60009765625,2504.89990234375,2470.0,2489.89990234375,3739587
2026-04-15,2554.89990234375,2559.0,2493.39990234375,2501.89990234375,5261384
2026-04-16,2576.89990234375,2594.0,2558.0,2572.0,3905403
2026-04-17,2581.5,2589.0,2555.89990234375,2570.0,2718206
2026-04-20,2579.60009765625,2594.0,2561.199951171875,2587.10009765625,2288558
2026-04-21,2610.5,2614.0,2560.0,2560.0,2719959
2026-04-22,2538.5,2580.0,2503.60009765625,2580.0,5232045
2026-04-23,2521.800048828125,2559.5,2516.300048828125,2529.0,2509050
2026-04-24,2396.89990234375,2505.0,2388.800048828125,2488.0,5107719
2026-04-27,2447.60009765625,2459.0,2396.89990234375,2396.89990234375,5853425
2026-04-28,2444.699951171875,2487.0,2427.39990234375,2444.0,4508363
2026-04-29,2474.699951171875,2487.89990234375,2447.60009765625,2451.0,2835961
2026-04-30,2473.89990234375,2491.0,2438.0,2479.0,3970446
2026-05-01,2473.89990234375,2473.89990234375,2473.89990234375,2473.89990234375,0
2026-05-04,2431.300048828125,2498.300048828125,2425.0,2494.0,2632358
2026-05-05,2427.300048828125,2460.39990234375,2412.199951171875,2430.0,3385720
2026-05-06,2435.39990234375,2471.0,2406.5,2441.89990234375,3147628
2026-05-07,2401.39990234375,2439.699951171875,2398.0,2438.199951171875,5829594
2026-05-08,2394.39990234375,2407.0,2375.10009765625,2398.0,3792199
